case_id,regime
C001,scatter60
C002,scatter80
C003,scatter40
C004,scatter40
C006,scatter80
C007,tail40
C008,scatter40
C009,scatter40
C010,scatter80
C011,scatter80
C015,scatter40
C018,scatter60
C020,scatter80
C021,scatter40
C022,scatter60
C023,cluster20
C024,scatter80
C026,scatter60
C028,tail40
C031,scatter80
C034,scatter60
C036,scatter60
C037,cluster20
C038,cluster20
C042,scatter60
C043,cluster20
C044,cluster20
C045,scatter60
C048,tail40
C049,scatter60
C050,cluster20
C051,cluster20
C053,cluster20
C054,scatter40
C055,scatter40
C056,scatter80
C057,cluster20
C059,scatter80
C061,scatter80
C062,scatter40
C063,scatter60
C065,tail40
C067,scatter80
C068,cluster20
C069,cluster20
C070,tail40
C071,tail40
C072,scatter80
C073,tail40
C075,tail40
C076,cluster20
C077,scatter40
C078,scatter40
C079,scatter80
C081,tail40
C083,tail40
C085,scatter40
C086,cluster20
C087,scatter80
C088,tail40
C089,tail40
C090,scatter40
C091,scatter80
C092,scatter60
C093,scatter60
C095,scatter60
C096,scatter60
C098,scatter80
C099,cluster20
C100,scatter60
C101,scatter40
C102,scatter40
C105,scatter80
C106,scatter40
C108,scatter60
C109,cluster20
C111,scatter60
C112,scatter60
C113,scatter80
C114,scatter40
C116,cluster20
C117,tail40
C118,scatter60
C122,scatter40
C123,scatter40
C125,scatter80
C126,cluster20
C127,cluster20
C128,scatter60
C129,scatter60
C130,cluster20
C133,tail40
C134,scatter60
C135,scatter60
C136,tail40
C137,tail40
C140,tail40
C141,tail40
C142,cluster20
C143,tail40
C144,scatter40
C145,scatter60
C146,scatter60
C147,cluster20
C148,tail40
C149,tail40
C150,scatter80
C151,scatter80
C152,tail40
C154,cluster20
C155,cluster20
C157,cluster20
C158,scatter40
C160,scatter60
C161,scatter40
C162,cluster20
C163,scatter80
C164,cluster20
C165,scatter40
C166,tail40
C167,tail40
C168,scatter80
C169,scatter80
C172,scatter40
C173,scatter40
C174,scatter60
C176,tail40
C179,scatter80
C180,tail40
C183,scatter40
C186,scatter80
C187,scatter40
