case_id,team,played,points,goal_difference
C004,T02,38,55,1
C004,T10,38,78,38
C004,T14,38,20,-46
C004,T13,38,35,-25
C004,T09,38,41,-27
C004,T01,38,49,-4
C004,T20,38,94,89
C004,T05,38,37,-31
C004,T11,38,35,-35
C004,T06,38,37,-33
C004,T08,38,50,-6
C004,T16,38,51,3
C004,T15,38,49,-22
C004,T04,38,92,80
C004,T17,38,46,-7
C004,T12,38,35,-21
C004,T19,38,76,26
C004,T03,38,32,-29
C004,T07,38,77,38
C004,T18,38,60,11
C024,T03,38,63,12
C024,T20,38,60,6
C024,T04,38,87,52
C024,T02,38,72,21
C024,T18,38,41,-18
C024,T15,38,47,-21
C024,T09,38,43,-18
C024,T17,38,18,-44
C024,T10,38,32,-32
C024,T08,38,34,-24
C024,T06,38,36,-26
C024,T05,38,62,23
C024,T19,38,91,50
C024,T13,38,70,23
C024,T14,38,86,55
C024,T12,38,48,-6
C024,T07,38,46,-5
C024,T16,38,53,5
C024,T11,38,26,-44
C024,T01,38,45,-9
C044,T11,34,39,-5
C044,T12,34,38,-8
C044,T04,34,40,-21
C044,T08,34,38,-16
C044,T09,34,43,-7
C044,T02,34,69,26
C044,T01,34,63,32
C044,T18,34,58,20
C044,T14,34,52,15
C044,T07,34,31,-27
C044,T17,34,48,10
C044,T16,34,68,26
C044,T03,34,55,20
C044,T06,34,52,0
C044,T05,34,43,-14
C044,T13,34,32,-14
C044,T15,34,50,1
C044,T10,34,28,-38
C045,T01,36,29,-42
C045,T03,36,43,-6
C045,T08,36,34,-29
C045,T06,36,73,57
C045,T07,36,67,30
C045,T09,36,59,1
C045,T10,36,37,-19
C045,T02,36,44,-2
C045,T05,36,58,16
C045,T04,36,52,-6
C057,T06,22,27,-8
C057,T07,22,35,6
C057,T08,22,38,10
C057,T09,22,55,36
C057,T11,22,33,8
C057,T02,22,17,-22
C057,T01,22,30,-5
C057,T12,22,18,-16
C057,T03,22,48,22
C057,T10,22,18,-20
C057,T05,22,28,-5
C057,T04,22,21,-6
C070,T10,34,42,-5
C070,T02,34,62,13
C070,T14,34,46,-1
C070,T16,34,50,8
C070,T04,34,71,39
C070,T09,34,43,-3
C070,T08,34,50,6
C070,T17,34,34,-21
C070,T07,34,71,54
C070,T01,34,31,-36
C070,T13,34,29,-27
C070,T15,34,66,23
C070,T03,34,59,7
C070,T12,34,36,-13
C070,T11,34,36,-9
C070,T18,34,33,-12
C070,T05,34,35,-32
C070,T06,34,49,9
C075,T09,38,45,-14
C075,T06,38,70,22
C075,T13,38,36,-25
C075,T16,38,40,-23
C075,T11,38,34,-35
C075,T04,38,72,24
C075,T20,38,49,-2
C075,T01,38,54,8
C075,T18,38,26,-47
C075,T03,38,16,-54
C075,T12,38,52,3
C075,T02,38,97,67
C075,T17,38,98,72
C075,T14,38,66,11
C075,T19,38,45,-6
C075,T07,38,39,-20
C075,T10,38,71,28
C075,T08,38,50,-7
C075,T15,38,52,-3
C075,T05,38,57,1
C089,T12,38,69,13
C089,T19,38,45,-2
C089,T15,38,46,-8
C089,T07,38,51,-2
C089,T11,38,35,-19
C089,T05,38,74,43
C089,T13,38,48,4
C089,T10,38,39,-23
C089,T06,38,38,-37
C089,T20,38,52,3
C089,T09,38,92,68
C089,T16,38,93,73
C089,T04,38,58,0
C089,T14,38,49,-18
C089,T08,38,22,-61
C089,T18,38,40,-24
C089,T03,38,71,29
C089,T01,38,23,-43
C089,T17,38,56,9
C089,T02,38,51,-5
C090,T03,46,50,-6
C090,T08,46,79,9
C090,T05,46,59,-5
C090,T02,46,80,24
C090,T15,46,66,9
C090,T16,46,82,22
C090,T18,46,51,-17
C090,T06,46,61,-6
C090,T09,46,70,21
C090,T22,46,73,8
C090,T01,46,43,-32
C090,T14,46,57,-9
C090,T17,46,61,-2
C090,T11,46,58,2
C090,T13,46,78,11
C090,T12,46,73,15
C090,T23,46,54,-9
C090,T19,46,60,0
C090,T24,46,71,20
C090,T10,46,48,-23
C090,T20,46,45,-29
C090,T21,46,60,0
C090,T07,46,73,5
C090,T04,46,53,-8
C096,T20,46,53,-11
C096,T23,46,69,-2
C096,T05,46,44,-24
C096,T13,46,59,-1
C096,T08,46,101,52
C096,T10,46,49,-17
C096,T04,46,70,12
C096,T21,46,53,-15
C096,T07,46,58,-10
C096,T16,46,80,18
C096,T12,46,75,28
C096,T17,46,68,7
C096,T18,46,62,3
C096,T15,46,63,-14
C096,T19,46,50,-27
C096,T11,46,50,-22
C096,T14,46,50,-11
C096,T24,46,91,34
C096,T09,46,53,1
C096,T06,46,69,13
C096,T01,46,66,4
C096,T03,46,63,3
C096,T22,46,66,6
C096,T02,46,45,-27
C098,T18,34,35,-27
C098,T01,34,39,-11
C098,T04,34,17,-44
C098,T03,34,43,-5
C098,T08,34,36,-14
C098,T10,34,39,-8
C098,T11,34,54,2
C098,T06,34,82,52
C098,T14,34,43,-4
C098,T09,34,43,-2
C098,T13,34,39,-16
C098,T05,34,33,-15
C098,T16,34,55,12
C098,T02,34,77,45
C098,T17,34,60,21
C098,T12,34,60,15
C098,T15,34,50,15
C098,T07,34,34,-16
C105,T13,38,43,-8
C105,T16,38,79,36
C105,T09,38,47,-10
C105,T06,38,43,-17
C105,T20,38,29,-38
C105,T17,38,49,-6
C105,T04,38,93,70
C105,T15,38,55,9
C105,T12,38,51,-9
C105,T01,38,46,-14
C105,T08,38,20,-37
C105,T19,38,49,-1
C105,T07,38,60,-1
C105,T02,38,76,50
C105,T18,38,49,7
C105,T10,38,51,-6
C105,T14,38,58,-9
C105,T05,38,22,-50
C105,T03,38,73,27
C105,T11,38,61,7
C108,T11,34,45,-5
C108,T10,34,86,87
C108,T04,34,58,21
C108,T02,34,29,-37
C108,T14,34,38,-31
C108,T15,34,45,-2
C108,T09,34,53,9
C108,T06,34,65,34
C108,T13,34,34,-30
C108,T07,34,48,-7
C108,T17,34,23,-45
C108,T01,34,39,-13
C108,T03,34,83,72
C108,T18,34,33,-33
C108,T12,34,41,-16
C108,T16,34,53,19
C108,T05,34,44,-14
C108,T08,34,41,-9
C111,T06,46,58,-4
C111,T18,46,67,11
C111,T17,46,56,-19
C111,T24,46,69,-1
C111,T14,46,101,46
C111,T16,46,42,-25
C111,T22,46,59,-5
C111,T10,46,42,-29
C111,T15,46,56,-5
C111,T07,46,81,32
C111,T23,46,50,-27
C111,T20,46,80,37
C111,T02,46,73,12
C111,T19,46,54,-16
C111,T05,46,54,-14
C111,T13,46,38,-34
C111,T11,46,52,-4
C111,T12,46,90,41
C111,T03,46,93,33
C111,T04,46,73,25
C111,T01,46,56,-4
C111,T09,46,50,-6
C111,T08,46,43,-23
C111,T21,46,54,-21
C122,T16,34,49,9
C122,T07,34,37,-11
C122,T02,34,62,27
C122,T05,34,41,-2
C122,T08,34,82,67
C122,T15,34,45,-4
C122,T01,34,64,32
C122,T04,34,42,-7
C122,T06,34,38,-16
C122,T13,34,32,-21
C122,T09,34,43,5
C122,T17,34,38,-28
C122,T03,34,49,-4
C122,T18,34,67,27
C122,T12,34,48,-18
C122,T14,34,25,-35
C122,T10,34,37,-18
C122,T11,34,45,-3
C144,T11,38,39,-34
C144,T13,38,84,45
C144,T10,38,61,5
C144,T16,38,59,12
C144,T05,38,62,19
C144,T14,38,44,-9
C144,T07,38,45,-9
C144,T04,38,36,-23
C144,T01,38,52,2
C144,T09,38,31,-30
C144,T06,38,34,-17
C144,T17,38,67,28
C144,T18,38,89,61
C144,T02,38,75,15
C144,T08,38,71,35
C144,T20,38,38,-30
C144,T19,38,25,-37
C144,T12,38,60,7
C144,T15,38,40,-13
C144,T03,38,41,-27
C147,T01,34,32,-23
C147,T12,34,33,-20
C147,T06,34,38,-12
C147,T17,34,46,4
C147,T16,34,42,-4
C147,T15,34,72,36
C147,T08,34,26,-30
C147,T07,34,23,-41
C147,T11,34,33,-9
C147,T10,34,36,-10
C147,T05,34,55,1
C147,T04,34,32,-33
C147,T13,34,37,-5
C147,T09,34,37,-5
C147,T02,34,80,49
C147,T03,34,68,21
C147,T18,34,90,67
C147,T14,34,63,14
C151,T11,38,61,16
C151,T10,38,55,9
C151,T12,38,41,-6
C151,T01,38,39,-22
C151,T03,38,67,22
C151,T16,38,44,-25
C151,T20,38,59,-1
C151,T14,38,28,-26
C151,T04,38,59,8
C151,T09,38,66,18
C151,T07,38,69,26
C151,T08,38,86,51
C151,T06,38,74,29
C151,T17,38,45,-16
C151,T15,38,23,-43
C151,T13,38,43,-21
C151,T05,38,62,23
C151,T02,38,26,-41
C151,T19,38,65,15
C151,T18,38,45,-16
C164,T19,38,34,-25
C164,T10,38,56,8
C164,T17,38,35,-26
C164,T14,38,41,-15
C164,T15,38,54,-7
C164,T16,38,66,15
C164,T08,38,43,-19
C164,T07,38,49,-12
C164,T20,38,62,26
C164,T01,38,99,52
C164,T13,38,81,67
C164,T05,38,66,30
C164,T11,38,44,-20
C164,T06,38,21,-49
C164,T12,38,54,0
C164,T03,38,52,-9
C164,T02,38,59,14
C164,T04,38,34,-28
C164,T18,38,39,-13
C164,T09,38,59,11
C174,T10,36,39,-22
C174,T05,36,57,9
C174,T04,36,39,-4
C174,T01,36,60,9
C174,T03,36,54,5
C174,T06,36,38,-9
C174,T07,36,45,-10
C174,T09,36,77,35
C174,T02,36,33,-15
C174,T08,36,51,2
C176,T16,38,70,27
C176,T05,38,90,51
C176,T01,38,39,-30
C176,T08,38,40,-20
C176,T11,38,42,-10
C176,T10,38,87,67
C176,T15,38,42,-19
C176,T17,38,41,-24
C176,T14,38,48,-8
C176,T18,38,45,-7
C176,T19,38,49,-5
C176,T13,38,43,-34
C176,T09,38,25,-42
C176,T04,38,87,66
C176,T06,38,59,7
C176,T20,38,36,-22
C176,T03,38,63,17
C176,T02,38,40,-28
C176,T12,38,49,-2
C176,T07,38,59,16
C183,T20,38,68,24
C183,T15,38,45,-11
C183,T05,38,76,27
C183,T17,38,33,-29
C183,T06,38,46,-10
C183,T10,38,85,35
C183,T19,38,43,-12
C183,T14,38,81,39
C183,T08,38,21,-41
C183,T11,38,41,-11
C183,T01,38,40,-11
C183,T07,38,38,-19
C183,T13,38,57,3
C183,T16,38,95,61
C183,T04,38,60,12
C183,T09,38,41,-6
C183,T02,38,21,-32
C183,T03,38,40,-14
C183,T18,38,49,-5
C183,T12,38,53,0
