case_id,team,played,wins,draws,losses,goals_for,goals_against
C001,T08,38,4,12,22,36,73
C001,T06,38,13,13,12,56,50
C001,T04,38,18,10,10,61,46
C001,T07,38,19,13,6,54,31
C001,T19,38,7,16,15,38,57
C001,T09,38,8,10,20,48,68
C001,T10,38,10,13,15,28,41
C001,T12,38,8,18,12,46,52
C001,T16,38,16,11,11,62,47
C001,T17,38,11,13,14,49,65
C001,T01,38,14,13,11,59,48
C001,T11,38,26,9,3,72,24
C001,T15,38,21,6,11,71,38
C001,T02,38,6,8,24,33,75
C001,T20,38,18,9,11,70,54
C001,T13,38,13,17,8,48,42
C001,T03,38,12,13,13,49,57
C001,T14,38,14,12,12,48,45
C001,T05,38,12,13,13,53,55
C001,T18,38,10,11,17,43,56
C002,T03,38,24,7,7,68,41
C002,T15,38,10,8,20,39,61
C002,T12,38,7,9,22,32,74
C002,T04,38,25,7,6,71,27
C002,T10,38,13,6,19,33,48
C002,T11,38,21,9,8,61,39
C002,T09,38,9,5,24,40,85
C002,T19,38,10,7,21,38,53
C002,T07,38,26,6,6,101,50
C002,T16,38,27,5,6,102,37
C002,T08,38,19,7,12,64,43
C002,T18,38,15,4,19,43,59
C002,T05,38,8,9,21,28,62
C002,T02,38,15,11,12,54,46
C002,T14,38,13,11,14,45,52
C002,T17,38,10,8,20,41,60
C002,T06,38,11,9,18,54,54
C002,T20,38,21,6,11,55,51
C002,T01,38,7,15,16,43,59
C002,T13,38,11,7,20,40,51
C003,T09,34,19,10,5,67,36
C003,T11,34,11,12,11,47,48
C003,T05,34,12,7,15,48,55
C003,T04,34,10,9,15,32,49
C003,T07,34,9,7,18,50,62
C003,T01,34,9,9,16,42,59
C003,T13,34,16,10,8,55,39
C003,T16,34,17,7,10,60,43
C003,T06,34,20,6,8,70,45
C003,T03,34,12,8,14,50,55
C003,T15,34,12,5,17,32,48
C003,T12,34,12,10,12,58,61
C003,T10,34,8,7,19,34,58
C003,T02,34,13,7,14,56,53
C003,T17,34,16,7,11,68,44
C003,T14,34,20,7,7,50,33
C003,T18,34,7,7,20,35,63
C003,T08,34,10,11,13,47,50
C006,T03,38,20,9,9,65,40
C006,T17,38,7,11,20,42,77
C006,T02,38,10,11,17,44,55
C006,T14,38,9,9,20,38,69
C006,T05,38,9,11,18,37,53
C006,T18,38,8,12,18,35,63
C006,T12,38,6,13,19,35,69
C006,T07,38,15,10,13,55,48
C006,T01,38,6,13,19,52,91
C006,T20,38,14,13,11,48,48
C006,T15,38,12,7,19,49,61
C006,T19,38,20,7,11,52,36
C006,T08,38,17,11,10,66,51
C006,T13,38,21,8,9,63,38
C006,T04,38,26,8,4,90,36
C006,T11,38,17,11,10,62,48
C006,T09,38,17,12,9,60,43
C006,T10,38,13,9,16,49,57
C006,T16,38,20,6,12,82,40
C006,T06,38,11,13,14,43,44
C007,T01,38,24,8,6,85,45
C007,T09,38,15,10,13,47,50
C007,T04,38,12,9,17,37,42
C007,T08,38,9,14,15,42,52
C007,T02,38,13,9,16,55,73
C007,T19,38,12,11,15,48,59
C007,T17,38,9,6,23,32,59
C007,T07,38,6,8,24,34,76
C007,T06,38,14,10,14,36,41
C007,T18,38,16,7,15,53,48
C007,T05,38,10,8,20,41,67
C007,T14,38,11,18,9,36,33
C007,T15,38,15,9,14,53,52
C007,T13,38,23,9,6,87,43
C007,T20,38,22,11,5,80,47
C007,T16,38,29,6,3,108,29
C007,T10,38,9,11,18,44,67
C007,T12,38,10,8,20,27,52
C007,T03,38,16,10,12,50,44
C007,T11,38,9,10,19,38,54
C008,T06,34,9,13,12,25,35
C008,T09,34,8,12,14,39,49
C008,T17,34,6,7,21,30,59
C008,T13,34,13,7,14,44,36
C008,T12,34,10,6,18,36,57
C008,T16,34,10,5,19,27,47
C008,T10,34,10,10,14,40,48
C008,T18,34,24,8,2,74,29
C008,T02,34,11,6,17,33,42
C008,T08,34,10,13,11,37,43
C008,T14,34,15,8,11,40,41
C008,T04,34,9,8,17,34,41
C008,T07,34,7,13,14,25,40
C008,T01,34,7,10,17,31,48
C008,T15,34,23,7,4,69,27
C008,T03,34,19,7,8,53,33
C008,T05,34,26,7,1,65,20
C008,T11,34,12,7,15,37,44
C009,T23,46,14,11,21,54,76
C009,T02,46,14,12,20,51,68
C009,T03,46,11,15,20,42,60
C009,T20,46,13,12,21,47,59
C009,T09,46,18,15,13,63,52
C009,T21,46,16,12,18,60,69
C009,T07,46,22,10,14,71,65
C009,T17,46,20,15,11,58,51
C009,T16,46,18,13,15,60,45
C009,T11,46,13,12,21,55,62
C009,T01,46,18,10,18,63,62
C009,T14,46,15,15,16,55,57
C009,T10,46,23,14,9,66,39
C009,T19,46,15,13,18,55,61
C009,T15,46,21,10,15,64,55
C009,T05,46,19,8,19,60,61
C009,T12,46,13,13,20,46,55
C009,T22,46,21,15,10,87,52
C009,T24,46,16,13,17,68,70
C009,T13,46,24,7,15,74,59
C009,T06,46,16,13,17,61,55
C009,T04,46,13,14,19,55,62
C009,T18,46,17,9,20,50,60
C009,T08,46,12,19,15,50,60
C010,T01,38,12,9,17,44,65
C010,T07,38,23,7,8,65,31
C010,T11,38,10,9,19,33,50
C010,T04,38,8,11,19,47,70
C010,T18,38,11,11,16,43,52
C010,T12,38,32,4,2,115,40
C010,T20,38,13,8,17,43,57
C010,T16,38,11,9,18,37,54
C010,T14,38,12,10,16,40,57
C010,T10,38,16,9,13,53,50
C010,T19,38,10,7,21,37,52
C010,T08,38,9,9,20,43,72
C010,T05,38,16,5,17,50,66
C010,T03,38,16,8,14,57,56
C010,T13,38,26,7,5,103,42
C010,T09,38,18,12,8,70,49
C010,T15,38,11,10,17,49,58
C010,T02,38,9,7,22,37,62
C010,T17,38,14,8,16,58,54
C010,T06,38,19,8,11,67,54
C011,T03,34,4,10,20,29,76
C011,T10,34,28,4,2,102,23
C011,T12,34,21,8,5,75,41
C011,T05,34,7,9,18,40,68
C011,T06,34,14,8,12,40,37
C011,T18,34,10,11,13,48,50
C011,T01,34,13,14,7,52,41
C011,T15,34,16,11,7,64,36
C011,T16,34,12,5,17,50,58
C011,T14,34,12,8,14,42,53
C011,T13,34,9,11,14,44,53
C011,T08,34,21,9,4,74,35
C011,T09,34,7,9,18,33,55
C011,T02,34,13,8,13,49,48
C011,T17,34,6,5,23,43,91
C011,T11,34,18,7,9,52,38
C011,T04,34,8,7,19,40,68
C011,T07,34,9,12,13,43,49
C015,T11,34,3,10,21,26,68
C015,T08,34,12,7,15,46,57
C015,T16,34,13,12,9,70,52
C015,T17,34,18,4,12,69,52
C015,T05,34,24,6,4,88,32
C015,T03,34,16,7,11,55,42
C015,T15,34,23,7,4,81,44
C015,T09,34,15,9,10,60,48
C015,T04,34,8,8,18,51,71
C015,T10,34,8,9,17,37,55
C015,T07,34,13,5,16,49,65
C015,T01,34,5,6,23,31,71
C015,T14,34,11,10,13,49,57
C015,T18,34,19,9,6,63,29
C015,T06,34,8,12,14,46,61
C015,T12,34,7,7,20,32,70
C015,T02,34,16,7,11,62,50
C015,T13,34,14,11,9,58,49
C018,T16,34,15,6,13,49,49
C018,T08,34,11,11,12,46,51
C018,T13,34,7,10,17,30,59
C018,T17,34,12,8,14,44,53
C018,T11,34,13,8,13,51,56
C018,T18,34,16,8,10,55,46
C018,T06,34,16,10,8,71,44
C018,T12,34,12,6,16,53,51
C018,T07,34,18,8,8,57,35
C018,T02,34,9,11,14,37,50
C018,T03,34,14,10,10,51,44
C018,T15,34,12,11,11,53,45
C018,T09,34,15,6,13,63,55
C018,T10,34,10,4,20,41,60
C018,T14,34,18,10,6,69,44
C018,T05,34,21,4,9,66,39
C018,T04,34,9,6,19,35,58
C018,T01,34,6,7,21,37,69
C020,T05,34,15,7,12,43,45
C020,T07,34,14,9,11,49,49
C020,T01,34,7,11,16,33,46
C020,T17,34,6,8,20,32,72
C020,T18,34,4,9,21,30,65
C020,T11,34,20,5,9,72,44
C020,T13,34,16,9,9,61,46
C020,T15,34,11,11,12,45,42
C020,T04,34,16,12,6,67,35
C020,T09,34,11,9,14,35,49
C020,T14,34,10,11,13,41,52
C020,T12,34,12,9,13,46,54
C020,T10,34,10,10,14,50,51
C020,T16,34,9,14,11,54,55
C020,T08,34,13,12,9,56,44
C020,T06,34,18,6,10,71,46
C020,T02,34,10,11,13,42,54
C020,T03,34,18,9,7,65,43
C021,T03,36,16,11,9,57,36
C021,T07,36,16,9,11,72,48
C021,T01,36,9,6,21,36,61
C021,T10,36,16,4,16,55,48
C021,T06,36,11,6,19,41,59
C021,T08,36,21,10,5,79,41
C021,T04,36,15,8,13,52,48
C021,T09,36,12,8,16,52,70
C021,T02,36,11,11,14,53,67
C021,T05,36,11,11,14,41,60
C022,T08,34,15,8,11,56,55
C022,T04,34,18,7,9,53,38
C022,T07,34,14,11,9,64,52
C022,T12,34,14,6,14,60,57
C022,T10,34,8,11,15,38,64
C022,T09,34,10,8,16,52,62
C022,T02,34,14,11,9,57,52
C022,T17,34,16,11,7,78,44
C022,T01,34,13,12,9,41,36
C022,T03,34,12,8,14,49,51
C022,T18,34,6,7,21,23,71
C022,T15,34,14,10,10,57,55
C022,T05,34,8,12,14,40,43
C022,T06,34,15,10,9,56,46
C022,T14,34,6,12,16,36,48
C022,T11,34,16,10,8,64,37
C022,T16,34,11,9,14,56,55
C022,T13,34,10,9,15,45,59
C023,T24,46,16,15,15,53,49
C023,T05,46,13,16,17,46,46
C023,T02,46,5,15,26,41,81
C023,T08,46,19,8,19,72,67
C023,T07,46,24,17,5,72,42
C023,T21,46,13,13,20,54,71
C023,T04,46,26,15,5,72,35
C023,T16,46,17,17,12,56,51
C023,T14,46,9,13,24,40,80
C023,T18,46,21,15,10,66,43
C023,T13,46,12,15,19,66,79
C023,T01,46,13,12,21,59,70
C023,T06,46,24,11,11,69,35
C023,T03,46,18,15,13,53,51
C023,T10,46,14,17,15,50,58
C023,T15,46,26,11,9,63,31
C023,T09,46,9,12,25,39,69
C023,T23,46,13,16,17,43,47
C023,T20,46,15,17,14,45,45
C023,T19,46,14,18,14,54,54
C023,T17,46,13,13,20,52,59
C023,T22,46,13,10,23,53,71
C023,T11,46,19,17,10,66,45
C023,T12,46,14,16,16,53,58
C026,T01,36,10,9,17,43,84
C026,T03,36,14,11,11,58,44
C026,T10,36,11,9,16,51,67
C026,T09,36,5,14,17,42,70
C026,T05,36,25,5,6,110,35
C026,T04,36,17,11,8,63,40
C026,T02,36,15,9,12,68,71
C026,T06,36,10,13,13,55,66
C026,T07,36,13,9,14,55,55
C026,T08,36,11,8,17,50,63
C028,T13,38,18,8,12,58,45
C028,T17,38,28,4,6,63,18
C028,T16,38,8,18,12,45,61
C028,T10,38,12,7,19,40,74
C028,T15,38,29,4,5,112,29
C028,T11,38,9,9,20,37,67
C028,T12,38,10,9,19,46,69
C028,T14,38,8,8,22,37,70
C028,T19,38,12,12,14,38,35
C028,T01,38,17,9,12,51,59
C028,T04,38,9,11,18,52,73
C028,T08,38,11,12,15,34,52
C028,T09,38,28,6,4,110,34
C028,T18,38,13,9,16,45,48
C028,T03,38,11,10,17,49,61
C028,T02,38,14,10,14,51,50
C028,T06,38,10,9,19,40,62
C028,T07,38,12,8,18,45,53
C028,T05,38,11,11,16,46,48
C028,T20,38,18,10,10,44,35
C031,T01,46,17,11,18,62,61
C031,T07,46,17,14,15,55,55
C031,T06,46,29,12,5,96,38
C031,T18,46,19,12,15,68,55
C031,T21,46,14,10,22,58,77
C031,T14,46,13,16,17,49,60
C031,T08,46,13,11,22,53,79
C031,T24,46,14,10,22,43,75
C031,T22,46,16,13,17,58,62
C031,T15,46,17,12,17,49,52
C031,T11,46,16,14,16,65,66
C031,T17,46,12,13,21,59,69
C031,T10,46,27,10,9,101,44
C031,T20,46,12,14,20,45,63
C031,T19,46,14,15,17,54,67
C031,T02,46,18,9,19,53,56
C031,T04,46,15,9,22,55,65
C031,T05,46,25,14,7,79,40
C031,T16,46,19,6,21,72,66
C031,T09,46,14,14,18,62,75
C031,T03,46,19,14,13,66,53
C031,T12,46,23,10,13,76,57
C031,T13,46,14,17,15,50,54
C031,T23,46,10,10,26,36,75
C034,T09,46,14,14,18,55,66
C034,T16,46,17,9,20,62,65
C034,T19,46,18,14,14,65,61
C034,T04,46,23,11,12,76,54
C034,T17,46,14,13,19,54,58
C034,T07,46,12,12,22,44,69
C034,T21,46,13,10,23,58,71
C034,T15,46,11,15,20,55,81
C034,T20,46,16,17,13,52,51
C034,T03,46,18,8,20,62,68
C034,T10,46,19,15,12,81,70
C034,T14,46,19,10,17,76,71
C034,T05,46,17,11,18,68,68
C034,T08,46,18,13,15,62,48
C034,T06,46,23,15,8,83,58
C034,T01,46,20,15,11,69,50
C034,T22,46,15,13,18,53,60
C034,T18,46,10,12,24,54,79
C034,T02,46,24,16,6,71,32
C034,T24,46,20,17,9,77,51
C034,T13,46,12,6,28,43,87
C034,T12,46,11,9,26,44,79
C034,T11,46,24,8,14,69,42
C034,T23,46,16,13,17,77,71
C036,T12,38,9,13,16,29,45
C036,T03,38,10,11,17,34,36
C036,T09,38,9,11,18,33,50
C036,T15,38,12,6,20,36,50
C036,T08,38,11,14,13,34,41
C036,T16,38,11,15,12,44,37
C036,T11,38,21,8,9,51,28
C036,T06,38,17,12,9,51,41
C036,T02,38,24,9,5,60,23
C036,T01,38,11,8,19,27,43
C036,T04,38,9,12,17,30,54
C036,T13,38,13,11,14,43,47
C036,T17,38,13,15,10,45,40
C036,T14,38,11,15,12,37,42
C036,T07,38,17,14,7,36,22
C036,T20,38,18,9,11,49,28
C036,T19,38,7,9,22,28,58
C036,T18,38,21,11,6,64,35
C036,T10,38,15,7,16,51,53
C036,T05,38,11,10,17,52,61
C037,T07,38,7,5,26,23,74
C037,T14,38,8,11,19,35,63
C037,T10,38,19,8,11,70,58
C037,T02,38,4,6,28,33,81
C037,T06,38,17,8,13,45,49
C037,T01,38,4,12,22,45,81
C037,T08,38,15,10,13,52,53
C037,T05,38,7,15,16,37,55
C037,T20,38,19,10,9,65,44
C037,T11,38,15,5,18,65,62
C037,T12,38,15,13,10,48,37
C037,T17,38,18,8,12,65,47
C037,T13,38,22,7,9,67,40
C037,T04,38,27,4,7,89,40
C037,T03,38,25,9,4,68,29
C037,T09,38,9,13,16,51,59
C037,T16,38,11,11,16,44,54
C037,T19,38,21,5,12,69,39
C037,T18,38,12,15,11,45,45
C037,T15,38,13,9,16,51,57
C038,T14,38,24,7,7,74,41
C038,T12,38,9,13,16,47,59
C038,T10,38,18,8,12,68,58
C038,T17,38,23,9,6,90,47
C038,T02,38,7,12,19,40,75
C038,T03,38,10,11,17,51,65
C038,T11,38,9,10,19,43,59
C038,T18,38,6,5,27,45,92
C038,T07,38,28,7,3,89,35
C038,T04,38,10,12,16,47,58
C038,T05,38,11,12,15,46,48
C038,T06,38,23,9,6,77,38
C038,T09,38,3,11,24,39,83
C038,T08,38,21,5,12,61,55
C038,T15,38,24,5,9,86,41
C038,T19,38,9,12,17,52,72
C038,T20,38,7,16,15,50,69
C038,T13,38,15,7,16,52,54
C038,T16,38,17,11,10,64,56
C038,T01,38,10,10,18,42,58
C042,T14,38,26,8,4,69,31
C042,T17,38,19,5,14,59,51
C042,T03,38,18,9,11,59,43
C042,T15,38,16,11,11,65,48
C042,T08,38,12,10,16,44,55
C042,T11,38,6,12,20,34,68
C042,T04,38,10,11,17,50,70
C042,T01,38,25,9,4,84,32
C042,T20,38,4,16,18,27,60
C042,T13,38,14,11,13,65,59
C042,T18,38,20,10,8,57,37
C042,T10,38,18,10,10,77,58
C042,T07,38,24,7,7,74,31
C042,T02,38,10,6,22,41,71
C042,T05,38,13,11,14,46,41
C042,T06,38,10,6,22,46,63
C042,T09,38,7,10,21,33,78
C042,T19,38,13,11,14,64,66
C042,T16,38,11,14,13,61,58
C042,T12,38,6,9,23,34,69
C043,T15,38,8,12,18,38,57
C043,T05,38,19,9,10,59,41
C043,T01,38,9,11,18,31,52
C043,T02,38,10,16,12,44,49
C043,T19,38,9,7,22,31,60
C043,T06,38,5,12,21,28,68
C043,T13,38,13,9,16,48,48
C043,T17,38,10,11,17,34,42
C043,T16,38,22,9,7,68,33
C043,T08,38,15,14,9,53,42
C043,T12,38,15,8,15,57,58
C043,T14,38,15,11,12,30,35
C043,T04,38,21,9,8,70,47
C043,T11,38,18,7,13,60,52
C043,T03,38,29,4,5,105,35
C043,T10,38,11,16,11,58,48
C043,T18,38,7,12,19,29,54
C043,T07,38,13,13,12,55,52
C043,T09,38,13,16,9,39,42
C043,T20,38,8,14,16,35,57
C048,T19,38,11,13,14,46,42
C048,T03,38,11,11,16,37,48
C048,T20,38,26,8,4,67,25
C048,T14,38,11,11,16,36,58
C048,T18,38,9,11,18,36,57
C048,T12,38,8,12,18,34,55
C048,T05,38,24,7,7,85,38
C048,T04,38,9,11,18,28,43
C048,T17,38,13,7,18,47,65
C048,T01,38,9,14,15,46,57
C048,T11,38,14,11,13,55,57
C048,T06,38,17,10,11,50,50
C048,T09,38,25,9,4,67,28
C048,T07,38,17,11,10,59,38
C048,T08,38,5,16,17,34,57
C048,T16,38,6,12,20,29,52
C048,T10,38,7,13,18,34,53
C048,T15,38,24,5,9,53,33
C048,T02,38,10,13,15,50,53
C048,T13,38,15,13,10,60,44
C049,T17,34,5,11,18,37,70
C049,T07,34,16,5,13,52,54
C049,T15,34,11,11,12,72,70
C049,T10,34,19,4,11,60,41
C049,T18,34,29,3,2,94,23
C049,T01,34,16,7,11,59,43
C049,T03,34,22,5,7,80,38
C049,T12,34,6,7,21,29,60
C049,T13,34,9,9,16,40,57
C049,T11,34,15,7,12,47,47
C049,T16,34,19,7,8,63,43
C049,T09,34,7,6,21,51,75
C049,T08,34,12,6,16,46,59
C049,T06,34,11,8,15,40,48
C049,T05,34,9,9,16,43,61
C049,T14,34,8,8,18,49,62
C049,T04,34,18,6,10,63,50
C049,T02,34,10,9,15,42,66
C050,T08,36,17,10,9,65,37
C050,T06,36,13,11,12,43,42
C050,T10,36,9,11,16,42,61
C050,T01,36,3,10,23,22,75
C050,T04,36,17,12,7,53,31
C050,T03,36,14,11,11,52,42
C050,T05,36,14,8,14,44,52
C050,T09,36,7,10,19,29,56
C050,T02,36,16,10,10,51,38
C050,T07,36,19,9,8,66,33
C051,T08,36,16,6,14,55,51
C051,T04,36,9,6,21,47,82
C051,T05,36,11,9,16,51,60
C051,T10,36,23,6,7,85,45
C051,T01,36,9,7,20,47,67
C051,T03,36,22,8,6,76,37
C051,T07,36,13,12,11,55,55
C051,T06,36,12,10,14,51,60
C051,T09,36,10,9,17,44,60
C051,T02,36,15,7,14,56,50
C053,T03,36,17,11,8,53,37
C053,T09,36,12,9,15,48,52
C053,T07,36,5,11,20,35,69
C053,T01,36,14,13,9,58,44
C053,T06,36,21,8,7,60,31
C053,T02,36,8,6,22,37,75
C053,T04,36,9,8,19,40,68
C053,T10,36,17,10,9,68,41
C053,T05,36,20,8,8,63,34
C053,T08,36,10,10,16,45,56
C054,T11,46,24,11,11,76,53
C054,T13,46,21,16,9,62,47
C054,T21,46,9,14,23,45,73
C054,T09,46,14,13,19,56,77
C054,T22,46,14,9,23,47,68
C054,T16,46,18,11,17,66,59
C054,T23,46,18,14,14,59,58
C054,T08,46,18,10,18,54,62
C054,T24,46,25,9,12,62,44
C054,T17,46,9,14,23,39,67
C054,T03,46,21,8,17,55,48
C054,T01,46,19,13,14,62,45
C054,T05,46,16,17,13,61,49
C054,T10,46,14,9,23,46,59
C054,T07,46,10,12,24,51,69
C054,T14,46,14,17,15,54,49
C054,T12,46,13,9,24,49,73
C054,T04,46,19,18,9,56,42
C054,T06,46,13,16,17,54,60
C054,T02,46,15,9,22,47,64
C054,T15,46,20,14,12,72,39
C054,T18,46,19,10,17,58,48
C054,T20,46,17,17,12,65,58
C054,T19,46,23,8,15,71,56
C055,T14,38,12,10,16,55,67
C055,T03,38,23,6,9,77,44
C055,T05,38,11,7,20,39,55
C055,T08,38,30,3,5,85,33
C055,T12,38,12,5,21,50,63
C055,T15,38,17,10,11,62,44
C055,T10,38,9,7,22,37,80
C055,T09,38,12,8,18,48,63
C055,T13,38,22,10,6,78,42
C055,T16,38,23,9,6,80,39
C055,T18,38,18,15,5,54,29
C055,T07,38,5,13,20,27,53
C055,T17,38,12,10,16,41,48
C055,T19,38,11,11,16,41,56
C055,T02,38,6,6,26,29,69
C055,T11,38,12,5,21,45,70
C055,T06,38,26,8,4,86,26
C055,T04,38,11,7,20,40,68
C055,T20,38,12,9,17,43,51
C055,T01,38,12,9,17,47,64
C056,T09,46,20,16,10,82,61
C056,T18,46,14,19,13,64,58
C056,T16,46,16,12,18,64,69
C056,T19,46,8,8,30,29,78
C056,T20,46,17,13,16,73,59
C056,T08,46,19,13,14,59,53
C056,T24,46,20,14,12,69,54
C056,T07,46,17,11,18,66,68
C056,T01,46,5,16,25,36,77
C056,T10,46,25,8,13,73,50
C056,T04,46,20,13,13,49,41
C056,T15,46,10,14,22,48,64
C056,T05,46,27,13,6,93,57
C056,T23,46,17,15,14,61,54
C056,T22,46,16,13,17,67,67
C056,T02,46,14,9,23,53,71
C056,T17,46,10,17,19,49,66
C056,T12,46,8,16,22,52,83
C056,T06,46,26,11,9,78,41
C056,T11,46,16,16,14,60,62
C056,T03,46,11,22,13,45,52
C056,T21,46,18,11,17,65,62
C056,T14,46,23,11,12,87,62
C056,T13,46,13,13,20,51,64
C059,T07,22,5,10,7,33,36
C059,T12,22,4,7,11,22,43
C059,T08,22,17,3,2,50,20
C059,T06,22,14,6,2,74,26
C059,T09,22,11,7,4,47,26
C059,T03,22,7,3,12,34,44
C059,T11,22,3,8,11,21,54
C059,T01,22,5,3,14,26,52
C059,T04,22,9,5,8,37,28
C059,T02,22,8,5,9,36,50
C059,T05,22,5,4,13,26,50
C059,T10,22,11,5,6,50,27
C061,T15,38,15,12,11,49,43
C061,T03,38,18,10,10,60,42
C061,T10,38,23,11,4,83,41
C061,T13,38,11,12,15,41,47
C061,T17,38,11,9,18,33,45
C061,T05,38,9,11,18,37,57
C061,T18,38,13,11,14,43,45
C061,T08,38,12,10,16,40,49
C061,T02,38,8,7,23,35,76
C061,T16,38,13,7,18,45,48
C061,T20,38,5,13,20,34,63
C061,T07,38,20,7,11,50,38
C061,T19,38,29,4,5,75,20
C061,T06,38,15,9,14,52,52
C061,T11,38,25,7,6,80,32
C061,T14,38,10,10,18,48,61
C061,T12,38,16,13,9,49,40
C061,T01,38,12,9,17,52,55
C061,T09,38,10,9,19,38,65
C061,T04,38,10,9,19,35,60
C062,T10,38,11,9,18,45,67
C062,T02,38,20,11,7,65,36
C062,T07,38,3,8,27,27,76
C062,T15,38,12,14,12,59,53
C062,T12,38,11,9,18,39,51
C062,T20,38,11,14,13,59,55
C062,T05,38,23,12,3,68,36
C062,T14,38,16,12,10,63,50
C062,T03,38,19,9,10,71,41
C062,T01,38,19,9,10,49,35
C062,T04,38,9,10,19,44,65
C062,T08,38,9,7,22,39,67
C062,T18,38,18,9,11,59,41
C062,T19,38,14,9,15,41,55
C062,T17,38,9,12,17,48,62
C062,T11,38,12,11,15,42,52
C062,T09,38,19,13,6,69,35
C062,T13,38,12,9,17,40,50
C062,T16,38,10,13,15,34,48
C062,T06,38,16,14,8,65,51
C063,T01,34,15,9,10,55,39
C063,T05,34,19,11,4,53,20
C063,T11,34,11,11,12,48,47
C063,T10,34,9,8,17,40,58
C063,T14,34,5,17,12,36,53
C063,T18,34,6,7,21,35,59
C063,T06,34,11,8,15,42,54
C063,T16,34,11,11,12,34,33
C063,T04,34,13,9,12,44,49
C063,T13,34,11,8,15,46,51
C063,T12,34,13,11,10,45,44
C063,T08,34,12,14,8,47,34
C063,T03,34,18,8,8,63,48
C063,T15,34,12,8,14,29,35
C063,T17,34,17,9,8,64,38
C063,T02,34,13,9,12,38,41
C063,T09,34,11,7,16,30,43
C063,T07,34,11,11,12,36,39
C065,T01,30,12,8,10,39,41
C065,T16,30,14,8,8,55,34
C065,T05,30,9,7,14,46,62
C065,T09,30,14,2,14,46,48
C065,T03,30,13,3,14,52,55
C065,T15,30,10,5,15,50,54
C065,T14,30,10,11,9,40,44
C065,T07,30,11,8,11,35,41
C065,T06,30,13,7,10,44,40
C065,T11,30,9,14,7,43,35
C065,T04,30,10,6,14,45,43
C065,T08,30,6,7,17,33,62
C065,T10,30,8,9,13,36,42
C065,T02,30,18,9,3,61,21
C065,T13,30,5,6,19,32,68
C065,T12,30,19,8,3,59,26
C067,T08,46,14,16,16,54,60
C067,T23,46,15,11,20,58,77
C067,T12,46,28,10,8,69,39
C067,T02,46,26,7,13,60,40
C067,T17,46,13,12,21,61,66
C067,T09,46,14,8,24,56,74
C067,T04,46,9,14,23,40,67
C067,T16,46,17,8,21,58,59
C067,T20,46,17,13,16,61,65
C067,T22,46,12,9,25,39,70
C067,T05,46,19,11,16,54,44
C067,T13,46,13,9,24,38,62
C067,T15,46,17,12,17,53,52
C067,T03,46,18,11,17,51,54
C067,T07,46,18,7,21,67,62
C067,T19,46,15,16,15,50,49
C067,T18,46,20,11,15,55,37
C067,T11,46,14,15,17,52,54
C067,T21,46,27,8,11,67,31
C067,T24,46,24,12,10,54,38
C067,T14,46,20,12,14,62,54
C067,T01,46,9,12,25,45,67
C067,T10,46,23,15,8,67,45
C067,T06,46,11,19,16,46,51
C068,T01,36,16,10,10,59,47
C068,T07,36,13,10,13,49,52
C068,T06,36,9,10,17,51,66
C068,T10,36,9,10,17,44,56
C068,T04,36,16,13,7,55,40
C068,T02,36,18,8,10,62,39
C068,T09,36,14,9,13,45,45
C068,T05,36,11,9,16,46,52
C068,T08,36,7,6,23,38,74
C068,T03,36,19,11,6,71,49
C069,T20,38,14,13,11,43,36
C069,T06,38,12,11,15,37,51
C069,T09,38,21,8,9,65,43
C069,T03,38,8,15,15,35,51
C069,T16,38,8,7,23,31,65
C069,T05,38,11,9,18,40,52
C069,T15,38,21,10,7,68,38
C069,T04,38,8,15,15,33,41
C069,T11,38,8,14,16,44,61
C069,T12,38,8,11,19,51,76
C069,T14,38,12,10,16,43,43
C069,T01,38,10,12,16,40,53
C069,T07,38,10,9,19,36,63
C069,T18,38,11,9,18,39,50
C069,T02,38,19,8,11,62,40
C069,T17,38,26,8,4,80,31
C069,T19,38,17,11,10,40,37
C069,T08,38,18,16,4,53,30
C069,T13,38,11,15,12,48,53
C069,T10,38,16,11,11,63,37
C071,T11,38,13,12,13,41,38
C071,T10,38,18,16,4,51,27
C071,T04,38,13,13,12,46,54
C071,T17,38,10,9,19,34,59
C071,T16,38,8,12,18,30,51
C071,T20,38,5,10,23,27,58
C071,T06,38,25,7,6,86,38
C071,T02,38,14,12,12,43,37
C071,T01,38,16,8,14,52,45
C071,T12,38,14,7,17,47,53
C071,T07,38,7,16,15,37,49
C071,T08,38,9,6,23,40,65
C071,T09,38,10,11,17,48,60
C071,T05,38,26,9,3,70,25
C071,T15,38,16,8,14,56,48
C071,T14,38,9,15,14,32,43
C071,T18,38,11,9,18,39,56
C071,T19,38,19,13,6,54,34
C071,T13,38,14,11,13,46,53
C071,T03,38,18,6,14,63,49
C072,T15,38,19,9,10,63,46
C072,T16,38,12,13,13,51,48
C072,T14,38,21,7,10,77,51
C072,T13,38,23,9,6,98,48
C072,T01,38,12,11,15,52,65
C072,T06,38,6,7,25,35,79
C072,T10,38,11,12,15,52,56
C072,T19,38,10,9,19,47,73
C072,T18,38,12,13,13,47,51
C072,T02,38,24,10,4,81,36
C072,T09,38,26,5,7,76,43
C072,T07,38,24,6,8,79,42
C072,T17,38,14,7,17,56,57
C072,T08,38,5,5,28,27,77
C072,T03,38,18,8,12,61,50
C072,T05,38,12,6,20,48,65
C072,T04,38,14,9,15,69,63
C072,T20,38,11,7,20,46,68
C072,T11,38,9,8,21,52,85
C072,T12,38,12,9,17,37,51
C073,T21,46,14,14,18,49,57
C073,T11,46,14,15,17,54,56
C073,T19,46,12,14,20,43,54
C073,T15,46,19,15,12,47,42
C073,T10,46,13,20,13,59,51
C073,T17,46,13,16,17,53,63
C073,T16,46,23,15,8,71,40
C073,T22,46,15,15,16,53,59
C073,T24,46,14,13,19,54,57
C073,T13,46,22,10,14,66,52
C073,T20,46,14,11,21,50,56
C073,T03,46,15,15,16,49,58
C073,T02,46,13,15,18,52,64
C073,T06,46,14,16,16,56,59
C073,T05,46,13,14,19,42,57
C073,T23,46,16,14,16,53,50
C073,T01,46,16,12,18,51,58
C073,T18,46,14,17,15,56,66
C073,T12,46,24,9,13,69,48
C073,T08,46,20,21,5,68,44
C073,T07,46,19,15,12,56,39
C073,T14,46,12,9,25,42,66
C073,T04,46,12,14,20,46,54
C073,T09,46,18,17,11,52,41
C076,T01,34,5,11,18,23,55
C076,T05,34,7,17,10,39,52
C076,T16,34,9,13,12,38,54
C076,T18,34,7,7,20,41,67
C076,T04,34,9,11,14,39,44
C076,T03,34,7,10,17,30,54
C076,T14,34,9,12,13,45,51
C076,T12,34,29,4,1,86,22
C076,T07,34,7,12,15,37,58
C076,T17,34,9,12,13,36,43
C076,T13,34,13,12,9,47,42
C076,T11,34,7,8,19,33,51
C076,T10,34,9,11,14,29,44
C076,T15,34,10,8,16,31,45
C076,T09,34,23,5,6,78,30
C076,T02,34,19,8,7,52,31
C076,T08,34,27,4,3,73,23
C076,T06,34,13,9,12,50,41
C077,T13,38,21,7,10,74,49
C077,T03,38,7,17,14,37,53
C077,T01,38,8,7,23,48,78
C077,T12,38,10,6,22,46,77
C077,T14,38,18,10,10,65,46
C077,T20,38,15,11,12,50,40
C077,T11,38,14,10,14,48,51
C077,T16,38,14,10,14,47,40
C077,T04,38,28,5,5,93,29
C077,T07,38,28,5,5,89,33
C077,T18,38,19,8,11,56,51
C077,T19,38,12,11,15,52,66
C077,T05,38,10,7,21,43,66
C077,T02,38,11,12,15,36,53
C077,T06,38,11,12,15,45,46
C077,T17,38,12,11,15,44,51
C077,T08,38,20,9,9,66,41
C077,T09,38,13,8,17,45,52
C077,T15,38,11,10,17,42,62
C077,T10,38,5,10,23,40,82
C078,T06,38,20,8,10,62,43
C078,T04,38,13,8,17,51,55
C078,T03,38,9,11,18,39,54
C078,T14,38,11,9,18,47,60
C078,T13,38,17,12,9,54,36
C078,T11,38,10,6,22,50,87
C078,T16,38,18,8,12,61,46
C078,T08,38,15,8,15,51,62
C078,T02,38,11,8,19,35,60
C078,T18,38,19,9,10,53,34
C078,T15,38,17,9,12,50,50
C078,T09,38,22,7,9,75,37
C078,T20,38,16,13,9,46,36
C078,T07,38,11,10,17,48,49
C078,T10,38,18,11,9,58,43
C078,T12,38,28,4,6,74,24
C078,T17,38,5,8,25,34,68
C078,T01,38,12,10,16,52,61
C078,T05,38,9,6,23,45,66
C078,T19,38,12,9,17,50,64
C079,T12,34,4,11,19,24,54
C079,T07,34,8,6,20,39,75
C079,T09,34,12,6,16,38,49
C079,T05,34,9,12,13,47,51
C079,T06,34,10,11,13,41,47
C079,T16,34,15,9,10,52,44
C079,T03,34,23,4,7,77,22
C079,T10,34,17,9,8,49,24
C079,T17,34,25,6,3,80,25
C079,T18,34,8,14,12,36,49
C079,T01,34,20,4,10,74,44
C079,T08,34,8,12,14,35,57
C079,T02,34,12,12,10,41,45
C079,T04,34,7,10,17,38,64
C079,T11,34,10,10,14,45,61
C079,T14,34,15,8,11,63,46
C079,T15,34,13,5,16,47,60
C079,T13,34,11,9,14,49,58
C081,T05,34,15,13,6,55,33
C081,T09,34,14,12,8,43,33
C081,T12,34,13,10,11,50,49
C081,T08,34,9,10,15,35,49
C081,T06,34,19,10,5,52,34
C081,T07,34,12,12,10,41,36
C081,T16,34,9,10,15,39,46
C081,T11,34,10,12,12,36,43
C081,T10,34,11,10,13,44,47
C081,T01,34,16,6,12,55,45
C081,T14,34,22,10,2,65,28
C081,T13,34,4,7,23,36,65
C081,T02,34,11,10,13,37,49
C081,T17,34,11,9,14,45,45
C081,T18,34,6,8,20,38,66
C081,T15,34,12,13,9,39,31
C081,T04,34,10,8,16,40,52
C081,T03,34,12,10,12,40,39
C083,T01,38,13,9,16,54,67
C083,T09,38,28,5,5,91,29
C083,T14,38,20,8,10,76,61
C083,T12,38,10,9,19,56,65
C083,T18,38,12,12,14,55,62
C083,T15,38,5,9,24,41,78
C083,T10,38,18,9,11,77,63
C083,T19,38,13,10,15,57,58
C083,T17,38,13,9,16,40,51
C083,T07,38,13,8,17,55,61
C083,T08,38,24,10,4,86,41
C083,T11,38,6,8,24,52,85
C083,T20,38,28,7,3,96,34
C083,T02,38,18,6,14,57,58
C083,T06,38,18,6,14,85,62
C083,T05,38,9,9,20,49,67
C083,T03,38,3,7,28,35,104
C083,T13,38,20,6,12,74,61
C083,T04,38,14,10,14,60,74
C083,T16,38,13,7,18,50,65
C085,T06,34,11,12,11,42,40
C085,T03,34,12,9,13,49,47
C085,T17,34,19,8,7,68,41
C085,T10,34,13,10,11,56,50
C085,T08,34,8,18,8,38,39
C085,T09,34,12,10,12,44,38
C085,T18,34,15,8,11,45,39
C085,T12,34,8,8,18,33,59
C085,T16,34,9,8,17,32,47
C085,T02,34,12,11,11,35,37
C085,T14,34,7,11,16,32,54
C085,T07,34,20,7,7,54,32
C085,T15,34,22,6,6,75,39
C085,T05,34,6,10,18,28,55
C085,T11,34,12,7,15,40,50
C085,T01,34,13,7,14,49,55
C085,T04,34,8,10,16,32,46
C085,T13,34,13,12,9,56,40
C086,T13,34,8,9,17,34,60
C086,T12,34,12,14,8,50,43
C086,T15,34,10,9,15,39,56
C086,T03,34,9,8,17,26,52
C086,T01,34,14,10,10,53,39
C086,T02,34,20,4,10,75,46
C086,T18,34,13,10,11,64,56
C086,T10,34,16,12,6,69,53
C086,T09,34,10,6,18,36,54
C086,T16,34,24,6,4,99,44
C086,T17,34,3,7,24,25,86
C086,T07,34,8,11,15,41,52
C086,T14,34,19,8,7,60,32
C086,T11,34,12,9,13,52,52
C086,T05,34,7,10,17,36,57
C086,T06,34,11,10,13,52,54
C086,T04,34,12,9,13,56,55
C086,T08,34,17,10,7,61,37
C087,T08,22,2,4,16,13,49
C087,T05,22,9,6,7,25,22
C087,T01,22,4,7,11,22,38
C087,T11,22,9,8,5,26,18
C087,T04,22,15,5,2,45,12
C087,T10,22,8,9,5,38,21
C087,T03,22,4,7,11,17,30
C087,T06,22,8,10,4,29,27
C087,T12,22,13,7,2,37,15
C087,T02,22,9,7,6,33,28
C087,T09,22,4,2,16,20,42
C087,T07,22,8,6,8,29,32
C088,T11,38,17,14,7,57,50
C088,T04,38,17,7,14,42,37
C088,T07,38,13,11,14,40,38
C088,T13,38,11,11,16,47,56
C088,T09,38,3,9,26,28,83
C088,T10,38,11,13,14,47,58
C088,T02,38,12,12,14,33,44
C088,T01,38,8,13,17,37,58
C088,T06,38,12,14,12,50,57
C088,T14,38,15,15,8,39,27
C088,T15,38,14,7,17,49,47
C088,T05,38,18,9,11,58,41
C088,T17,38,19,8,11,67,43
C088,T12,38,10,18,10,48,42
C088,T20,38,30,6,2,102,19
C088,T08,38,14,8,16,36,42
C088,T19,38,16,6,16,39,52
C088,T03,38,13,13,12,52,54
C088,T16,38,10,9,19,44,57
C088,T18,38,9,13,16,45,55
C091,T03,34,12,10,12,43,39
C091,T09,34,10,11,13,29,33
C091,T15,34,12,6,16,46,52
C091,T05,34,18,6,10,51,39
C091,T07,34,8,13,13,50,54
C091,T18,34,13,11,10,53,46
C091,T11,34,19,9,6,50,36
C091,T04,34,10,9,15,37,52
C091,T17,34,12,9,13,39,35
C091,T08,34,10,12,12,37,39
C091,T10,34,19,10,5,51,32
C091,T06,34,5,10,19,27,56
C091,T14,34,10,12,12,41,36
C091,T02,34,12,9,13,33,40
C091,T16,34,10,6,18,37,47
C091,T12,34,21,6,7,63,37
C091,T13,34,10,14,10,42,47
C091,T01,34,7,13,14,32,41
C092,T07,34,20,9,5,86,38
C092,T10,34,20,7,7,68,35
C092,T03,34,6,10,18,33,65
C092,T13,34,4,6,24,31,75
C092,T14,34,18,10,6,66,27
C092,T08,34,15,9,10,55,50
C092,T06,34,10,6,18,42,71
C092,T11,34,25,7,2,81,30
C092,T02,34,10,6,18,39,62
C092,T04,34,10,10,14,46,56
C092,T17,34,8,15,11,42,45
C092,T16,34,23,6,5,89,40
C092,T09,34,11,8,15,50,64
C092,T05,34,9,5,20,32,71
C092,T12,34,5,4,25,26,69
C092,T18,34,17,8,9,60,37
C092,T15,34,10,10,14,45,50
C092,T01,34,12,10,12,44,50
C093,T08,46,13,11,22,42,63
C093,T21,46,14,13,19,51,67
C093,T12,46,26,13,7,80,39
C093,T22,46,15,17,14,50,52
C093,T06,46,11,8,27,49,77
C093,T01,46,13,15,18,47,50
C093,T16,46,17,12,17,66,57
C093,T09,46,26,10,10,73,40
C093,T02,46,18,11,17,54,54
C093,T11,46,20,13,13,76,58
C093,T17,46,16,13,17,58,52
C093,T20,46,15,10,21,61,72
C093,T18,46,27,13,6,90,42
C093,T23,46,15,15,16,58,64
C093,T04,46,20,12,14,71,62
C093,T24,46,13,11,22,56,80
C093,T19,46,25,13,8,83,51
C093,T15,46,15,9,22,54,87
C093,T14,46,12,10,24,53,83
C093,T07,46,12,16,18,51,59
C093,T13,46,14,8,24,55,68
C093,T03,46,22,19,5,80,47
C093,T10,46,12,11,23,49,71
C093,T05,46,14,11,21,55,67
C095,T08,36,6,15,15,26,51
C095,T05,36,14,12,10,52,44
C095,T07,36,15,10,11,59,52
C095,T04,36,10,15,11,36,45
C095,T03,36,5,8,23,21,64
C095,T01,36,19,11,6,60,30
C095,T10,36,16,14,6,52,30
C095,T09,36,9,11,16,41,43
C095,T02,36,11,15,10,44,38
C095,T06,36,12,15,9,47,41
C099,T01,38,19,11,8,55,36
C099,T19,38,8,17,13,47,45
C099,T11,38,18,12,8,66,48
C099,T02,38,20,9,9,77,46
C099,T08,38,11,11,16,48,56
C099,T12,38,10,11,17,36,54
C099,T05,38,2,14,22,25,75
C099,T15,38,10,8,20,51,70
C099,T14,38,5,10,23,29,69
C099,T17,38,8,14,16,39,57
C099,T13,38,20,9,9,57,33
C099,T18,38,28,6,4,70,30
C099,T20,38,17,8,13,56,46
C099,T06,38,10,11,17,41,61
C099,T04,38,11,9,18,44,56
C099,T07,38,24,7,7,74,36
C099,T16,38,15,8,15,60,51
C099,T03,38,9,16,13,53,60
C099,T10,38,16,15,7,52,37
C099,T09,38,11,10,17,39,53
C100,T14,34,5,12,17,25,60
C100,T10,34,6,6,22,24,59
C100,T18,34,9,7,18,32,50
C100,T07,34,17,6,11,36,32
C100,T13,34,7,8,19,24,50
C100,T16,34,12,9,13,39,44
C100,T17,34,9,11,14,35,49
C100,T03,34,12,11,11,44,39
C100,T04,34,22,5,7,65,30
C100,T11,34,12,10,12,48,53
C100,T15,34,8,10,16,34,47
C100,T06,34,10,10,14,42,50
C100,T01,34,9,11,14,39,55
C100,T12,34,6,9,19,25,46
C100,T02,34,25,5,4,84,28
C100,T08,34,19,9,6,55,30
C100,T05,34,25,7,2,88,27
C100,T09,34,14,12,8,47,37
C101,T15,34,14,10,10,52,49
C101,T09,34,16,9,9,50,44
C101,T12,34,13,7,14,50,45
C101,T04,34,5,13,16,27,53
C101,T08,34,19,7,8,80,47
C101,T10,34,22,3,9,85,52
C101,T06,34,12,9,13,54,61
C101,T05,34,10,12,12,45,49
C101,T18,34,10,8,16,39,56
C101,T02,34,24,5,5,97,37
C101,T14,34,9,6,19,37,71
C101,T11,34,17,7,10,72,37
C101,T13,34,15,10,9,58,46
C101,T07,34,3,9,22,28,82
C101,T01,34,13,7,14,58,60
C101,T16,34,7,12,15,41,59
C101,T03,34,12,6,16,38,52
C101,T17,34,12,6,16,43,54
C102,T16,38,19,6,13,53,43
C102,T19,38,23,9,6,70,27
C102,T06,38,4,10,24,40,94
C102,T18,38,14,13,11,41,43
C102,T15,38,8,11,19,36,55
C102,T12,38,8,12,18,43,61
C102,T10,38,15,11,12,49,50
C102,T05,38,28,6,4,116,37
C102,T14,38,4,8,26,30,82
C102,T02,38,12,10,16,49,55
C102,T11,38,13,6,19,53,69
C102,T03,38,10,9,19,41,64
C102,T17,38,29,6,3,106,41
C102,T09,38,19,7,12,59,53
C102,T04,38,15,9,14,56,51
C102,T20,38,21,9,8,69,49
C102,T13,38,7,10,21,42,72
C102,T08,38,10,9,19,53,74
C102,T01,38,13,7,18,56,65
C102,T07,38,19,10,9,56,33
C106,T05,46,22,11,13,73,46
C106,T21,46,23,9,14,58,50
C106,T13,46,13,13,20,37,61
C106,T09,46,15,12,19,65,54
C106,T15,46,24,15,7,79,42
C106,T14,46,15,6,25,46,68
C106,T18,46,18,14,14,66,49
C106,T03,46,14,13,19,49,61
C106,T04,46,11,11,24,36,58
C106,T11,46,12,13,21,50,71
C106,T10,46,17,11,18,41,52
C106,T07,46,18,10,18,55,53
C106,T19,46,15,17,14,47,52
C106,T01,46,29,10,7,75,36
C106,T22,46,12,16,18,37,45
C106,T08,46,18,7,21,49,56
C106,T16,46,19,11,16,57,55
C106,T02,46,19,13,14,62,54
C106,T20,46,11,9,26,44,60
C106,T23,46,12,11,23,40,61
C106,T24,46,15,15,16,50,52
C106,T06,46,23,11,12,56,39
C106,T17,46,27,10,9,63,30
C106,T12,46,11,10,25,39,69
C109,T01,38,30,5,3,107,31
C109,T19,38,9,8,21,29,52
C109,T16,38,12,14,12,41,42
C109,T07,38,13,7,18,40,49
C109,T02,38,8,13,17,46,58
C109,T04,38,14,8,16,46,53
C109,T13,38,10,6,22,44,70
C109,T10,38,11,10,17,39,72
C109,T14,38,14,9,15,40,54
C109,T05,38,15,14,9,53,43
C109,T08,38,13,7,18,40,47
C109,T06,38,10,9,19,48,66
C109,T15,38,22,12,4,63,36
C109,T12,38,20,5,13,77,48
C109,T18,38,17,11,10,57,41
C109,T17,38,27,6,5,83,27
C109,T20,38,8,11,19,29,54
C109,T09,38,10,7,21,36,65
C109,T03,38,12,14,12,36,42
C109,T11,38,10,14,14,37,41
C112,T18,34,10,12,12,50,55
C112,T11,34,5,12,17,28,60
C112,T12,34,9,6,19,33,58
C112,T08,34,7,14,13,39,51
C112,T09,34,28,6,0,89,24
C112,T10,34,18,9,7,68,43
C112,T04,34,7,13,14,56,67
C112,T14,34,11,14,9,51,50
C112,T07,34,10,9,15,50,60
C112,T16,34,23,3,8,94,45
C112,T03,34,19,8,7,77,39
C112,T06,34,11,9,14,45,58
C112,T02,34,3,8,23,30,86
C112,T17,34,11,9,14,48,54
C112,T13,34,13,7,14,66,66
C112,T15,34,23,4,7,78,39
C112,T01,34,7,12,15,42,74
C112,T05,34,10,7,17,41,56
C113,T05,34,11,9,14,50,56
C113,T06,34,9,8,17,42,55
C113,T04,34,17,9,8,61,39
C113,T11,34,12,11,11,54,46
C113,T03,34,12,12,10,51,47
C113,T18,34,11,8,15,42,52
C113,T01,34,8,15,11,37,43
C113,T17,34,10,10,14,35,49
C113,T14,34,12,9,13,47,45
C113,T08,34,11,10,13,35,48
C113,T16,34,19,6,9,57,44
C113,T07,34,14,14,6,71,44
C113,T13,34,14,6,14,53,53
C113,T10,34,13,9,12,52,56
C113,T12,34,10,13,11,47,45
C113,T09,34,11,10,13,35,33
C113,T02,34,10,10,14,37,48
C113,T15,34,13,9,12,37,40
C114,T09,46,14,13,19,56,70
C114,T11,46,15,16,15,63,69
C114,T13,46,14,16,16,55,62
C114,T02,46,14,17,15,62,63
C114,T08,46,18,14,14,69,61
C114,T10,46,19,18,9,69,43
C114,T16,46,11,8,27,59,84
C114,T19,46,16,13,17,62,60
C114,T14,46,25,12,9,72,45
C114,T24,46,17,14,15,65,59
C114,T20,46,19,15,12,73,62
C114,T01,46,16,13,17,65,62
C114,T17,46,15,13,18,53,73
C114,T12,46,24,7,15,61,52
C114,T15,46,16,12,18,48,61
C114,T04,46,17,10,19,57,66
C114,T22,46,19,11,16,71,48
C114,T03,46,18,5,23,61,70
C114,T06,46,15,11,20,51,62
C114,T05,46,17,16,13,63,59
C114,T18,46,15,9,22,66,75
C114,T23,46,16,10,20,53,61
C114,T07,46,23,8,15,85,58
C114,T21,46,14,9,23,55,69
C116,T17,38,13,14,11,41,45
C116,T01,38,22,10,6,55,29
C116,T13,38,13,11,14,39,50
C116,T07,38,11,12,15,37,43
C116,T08,38,14,11,13,48,50
C116,T14,38,26,9,3,90,36
C116,T11,38,15,14,9,48,35
C116,T09,38,9,10,19,37,53
C116,T05,38,11,11,16,59,66
C116,T10,38,10,11,17,53,62
C116,T03,38,8,8,22,41,70
C116,T02,38,14,8,16,44,52
C116,T19,38,21,5,12,63,46
C116,T16,38,13,11,14,45,46
C116,T20,38,10,11,17,32,51
C116,T12,38,11,14,13,46,50
C116,T15,38,7,12,19,43,65
C116,T18,38,17,8,13,62,47
C116,T04,38,15,16,7,51,35
C116,T06,38,10,14,14,49,52
C117,T12,34,5,7,22,35,70
C117,T15,34,9,9,16,38,52
C117,T09,34,15,10,9,66,48
C117,T08,34,15,10,9,58,44
C117,T05,34,27,3,4,92,28
C117,T13,34,13,8,13,47,52
C117,T18,34,15,10,9,64,47
C117,T10,34,14,7,13,45,45
C117,T03,34,10,11,13,43,46
C117,T16,34,18,9,7,53,37
C117,T04,34,8,7,19,29,53
C117,T07,34,10,9,15,44,54
C117,T06,34,10,13,11,43,46
C117,T14,34,15,8,11,57,53
C117,T17,34,8,12,14,32,56
C117,T11,34,15,6,13,36,36
C117,T02,34,6,15,13,36,48
C117,T01,34,10,12,12,37,40
C118,T03,34,10,13,11,42,51
C118,T08,34,13,5,16,34,40
C118,T06,34,10,6,18,35,49
C118,T11,34,3,11,20,27,64
C118,T15,34,7,7,20,33,73
C118,T13,34,11,9,14,43,45
C118,T17,34,9,8,17,40,54
C118,T18,34,12,3,19,26,44
C118,T01,34,27,4,3,74,20
C118,T04,34,8,8,18,34,57
C118,T12,34,16,4,14,39,44
C118,T07,34,11,6,17,44,59
C118,T14,34,12,9,13,50,52
C118,T05,34,28,3,3,103,31
C118,T09,34,21,4,9,56,37
C118,T10,34,23,5,6,72,33
C118,T02,34,15,7,12,46,34
C118,T16,34,8,12,14,28,39
C123,T04,34,10,13,11,38,42
C123,T11,34,14,8,12,46,42
C123,T13,34,9,10,15,39,54
C123,T14,34,18,6,10,56,40
C123,T12,34,28,4,2,80,17
C123,T01,34,17,4,13,67,50
C123,T05,34,24,6,4,82,34
C123,T10,34,9,9,16,34,52
C123,T18,34,9,11,14,42,52
C123,T15,34,10,10,14,33,42
C123,T06,34,15,7,12,51,49
C123,T08,34,11,8,15,40,46
C123,T16,34,7,4,23,31,62
C123,T09,34,14,8,12,42,42
C123,T03,34,9,11,14,38,53
C123,T02,34,9,6,19,50,75
C123,T17,34,12,9,13,47,49
C123,T07,34,10,8,16,50,65
C125,T07,46,13,11,22,50,65
C125,T08,46,14,11,21,60,74
C125,T15,46,17,11,18,53,51
C125,T20,46,19,5,22,53,70
C125,T18,46,17,13,16,70,59
C125,T21,46,9,18,19,48,77
C125,T19,46,19,13,14,68,60
C125,T11,46,28,12,6,92,57
C125,T24,46,27,9,10,81,43
C125,T23,46,31,4,11,89,41
C125,T09,46,20,9,17,71,62
C125,T14,46,16,11,19,45,55
C125,T22,46,21,10,15,79,64
C125,T13,46,13,12,21,59,70
C125,T06,46,18,9,19,56,67
C125,T12,46,15,11,20,47,58
C125,T04,46,5,12,29,37,89
C125,T03,46,15,8,23,44,68
C125,T05,46,26,9,11,87,63
C125,T10,46,15,11,20,49,60
C125,T02,46,16,8,22,52,54
C125,T01,46,15,12,19,59,65
C125,T17,46,13,17,16,61,61
C125,T16,46,21,12,13,70,47
C126,T03,34,9,13,12,34,40
C126,T14,34,9,13,12,45,47
C126,T07,34,12,8,14,49,55
C126,T15,34,17,10,7,62,37
C126,T16,34,25,4,5,80,18
C126,T08,34,19,9,6,53,26
C126,T17,34,13,7,14,47,42
C126,T12,34,11,10,13,56,62
C126,T09,34,15,4,15,43,43
C126,T06,34,13,9,12,42,40
C126,T13,34,9,8,17,25,50
C126,T02,34,9,10,15,40,56
C126,T10,34,9,8,17,36,52
C126,T05,34,7,13,14,36,47
C126,T04,34,7,10,17,31,65
C126,T11,34,9,9,16,42,60
C126,T01,34,20,9,5,72,38
C126,T18,34,11,10,13,50,65
C127,T06,34,11,11,12,39,47
C127,T10,34,10,12,12,42,44
C127,T01,34,8,7,19,42,67
C127,T15,34,19,8,7,65,39
C127,T09,34,29,4,1,98,18
C127,T16,34,12,11,11,45,49
C127,T02,34,19,9,6,81,42
C127,T04,34,14,9,11,49,46
C127,T03,34,8,9,17,33,51
C127,T18,34,16,7,11,58,50
C127,T13,34,7,9,18,39,57
C127,T17,34,14,6,14,42,53
C127,T07,34,13,6,15,60,62
C127,T08,34,14,9,11,45,40
C127,T05,34,4,9,21,26,60
C127,T12,34,12,7,15,37,55
C127,T14,34,10,13,11,47,52
C127,T11,34,8,10,16,50,66
C128,T17,38,11,13,14,34,43
C128,T13,38,16,14,8,64,43
C128,T19,38,11,14,13,53,53
C128,T03,38,11,14,13,34,40
C128,T15,38,9,14,15,34,58
C128,T01,38,21,9,8,61,25
C128,T09,38,10,17,11,41,43
C128,T10,38,23,8,7,60,36
C128,T20,38,9,11,18,41,64
C128,T11,38,12,15,11,45,37
C128,T02,38,18,11,9,51,35
C128,T07,38,11,14,13,38,48
C128,T08,38,4,11,23,32,58
C128,T18,38,17,13,8,53,37
C128,T12,38,11,11,16,42,49
C128,T14,38,8,19,11,38,44
C128,T16,38,9,14,15,34,49
C128,T05,38,20,10,8,71,42
C128,T06,38,10,11,17,34,47
C128,T04,38,12,11,15,50,59
C129,T09,36,17,8,11,65,48
C129,T05,36,13,11,12,45,51
C129,T04,36,21,11,4,71,33
C129,T03,36,20,5,11,66,42
C129,T07,36,11,7,18,39,49
C129,T10,36,9,8,19,42,56
C129,T02,36,10,9,17,40,70
C129,T06,36,11,9,16,36,52
C129,T01,36,12,12,12,40,40
C129,T08,36,11,10,15,33,36
C130,T16,46,21,12,13,64,50
C130,T02,46,24,13,9,74,48
C130,T20,46,17,11,18,67,68
C130,T24,46,26,7,13,77,46
C130,T01,46,18,14,14,66,55
C130,T04,46,17,16,13,67,62
C130,T10,46,13,8,25,45,78
C130,T17,46,8,10,28,46,81
C130,T11,46,17,13,16,63,65
C130,T08,46,15,6,25,49,72
C130,T19,46,19,12,15,60,61
C130,T03,46,19,9,18,63,61
C130,T09,46,17,13,16,61,53
C130,T12,46,12,10,24,69,91
C130,T07,46,10,13,23,43,64
C130,T05,46,29,12,5,82,46
C130,T06,46,14,9,23,54,83
C130,T21,46,24,14,8,84,41
C130,T23,46,24,9,13,72,46
C130,T15,46,21,15,10,75,44
C130,T22,46,11,15,20,52,67
C130,T14,46,17,13,16,45,44
C130,T18,46,11,15,20,43,59
C130,T13,46,7,13,26,51,87
C133,T06,46,26,12,8,98,45
C133,T08,46,16,15,15,54,64
C133,T11,46,17,16,13,66,59
C133,T07,46,4,14,28,36,91
C133,T18,46,13,12,21,54,67
C133,T22,46,23,9,14,78,59
C133,T02,46,10,17,19,44,54
C133,T04,46,16,14,16,57,61
C133,T14,46,14,18,14,54,60
C133,T03,46,21,14,11,85,56
C133,T24,46,14,10,22,62,83
C133,T23,46,13,16,17,58,75
C133,T10,46,22,12,12,72,54
C133,T05,46,15,11,20,50,61
C133,T15,46,25,10,11,68,37
C133,T09,46,9,14,23,42,76
C133,T21,46,25,11,10,88,48
C133,T16,46,15,14,17,71,69
C133,T19,46,13,11,22,48,69
C133,T12,46,11,16,19,46,67
C133,T01,46,14,18,14,43,49
C133,T17,46,27,8,11,91,50
C133,T20,46,9,12,25,39,64
C133,T13,46,22,12,12,70,56
C134,T02,36,18,7,11,60,39
C134,T09,36,5,11,20,38,67
C134,T06,36,10,8,18,44,66
C134,T01,36,13,7,16,48,64
C134,T04,36,14,11,11,56,50
C134,T07,36,19,8,9,57,39
C134,T08,36,14,12,10,65,60
C134,T05,36,23,6,7,71,30
C134,T03,36,13,7,16,50,55
C134,T10,36,8,9,19,35,54
C135,T20,38,21,10,7,72,37
C135,T10,38,10,11,17,47,69
C135,T16,38,22,9,7,75,39
C135,T12,38,16,15,7,55,40
C135,T17,38,11,10,17,50,60
C135,T04,38,16,13,9,71,43
C135,T19,38,23,9,6,66,34
C135,T08,38,28,5,5,86,43
C135,T14,38,11,8,19,45,68
C135,T15,38,10,14,14,41,58
C135,T07,38,4,13,21,30,60
C135,T01,38,6,10,22,43,73
C135,T02,38,9,14,15,49,60
C135,T06,38,9,15,14,34,45
C135,T09,38,9,12,17,41,54
C135,T18,38,11,13,14,47,51
C135,T13,38,21,9,8,66,46
C135,T05,38,14,7,17,53,57
C135,T03,38,12,10,16,45,53
C135,T11,38,9,9,20,47,73
C136,T01,38,20,10,8,64,43
C136,T19,38,14,10,14,48,52
C136,T12,38,15,11,12,53,43
C136,T03,38,18,9,11,50,38
C136,T10,38,19,7,12,66,48
C136,T04,38,14,12,12,53,49
C136,T20,38,10,13,15,37,49
C136,T15,38,23,3,12,71,42
C136,T14,38,7,10,21,31,59
C136,T02,38,22,6,10,56,33
C136,T06,38,22,8,8,60,30
C136,T18,38,28,6,4,77,28
C136,T05,38,6,13,19,31,62
C136,T13,38,14,11,13,42,41
C136,T11,38,3,10,25,24,71
C136,T09,38,5,12,21,36,69
C136,T17,38,8,12,18,33,46
C136,T16,38,9,15,14,48,62
C136,T07,38,12,9,17,47,61
C136,T08,38,11,13,14,47,48
C137,T16,46,14,17,15,57,54
C137,T01,46,28,10,8,72,43
C137,T09,46,13,19,14,70,67
C137,T23,46,11,12,23,43,76
C137,T22,46,13,14,19,53,61
C137,T02,46,16,13,17,74,77
C137,T14,46,14,15,17,48,54
C137,T03,46,13,12,21,54,80
C137,T20,46,15,8,23,60,79
C137,T15,46,25,11,10,85,45
C137,T08,46,17,9,20,63,65
C137,T06,46,15,5,26,64,77
C137,T24,46,14,14,18,50,59
C137,T18,46,23,5,18,72,58
C137,T19,46,18,7,21,59,73
C137,T07,46,23,16,7,72,46
C137,T05,46,24,14,8,86,58
C137,T12,46,18,13,15,48,46
C137,T10,46,9,15,22,44,65
C137,T17,46,11,9,26,46,72
C137,T11,46,19,9,18,63,59
C137,T13,46,12,11,23,52,79
C137,T04,46,14,16,16,49,49
C137,T21,46,31,10,5,89,31
C140,T10,38,16,9,13,57,49
C140,T02,38,19,8,11,65,44
C140,T06,38,6,7,25,39,77
C140,T19,38,26,7,5,72,25
C140,T01,38,15,5,18,43,51
C140,T11,38,5,14,19,28,58
C140,T05,38,9,12,17,34,53
C140,T09,38,8,8,22,34,66
C140,T16,38,10,6,22,34,54
C140,T04,38,11,11,16,41,50
C140,T12,38,16,6,16,62,68
C140,T08,38,15,15,8,62,39
C140,T17,38,33,3,2,80,23
C140,T13,38,15,11,12,54,54
C140,T20,38,15,13,10,58,46
C140,T07,38,23,9,6,77,39
C140,T15,38,12,9,17,48,62
C140,T14,38,9,7,22,43,72
C140,T18,38,15,12,11,58,48
C140,T03,38,12,8,18,46,57
C141,T06,38,22,9,7,71,36
C141,T19,38,10,8,20,31,57
C141,T04,38,7,12,19,28,53
C141,T17,38,26,9,3,73,32
C141,T03,38,13,9,16,47,51
C141,T02,38,12,11,15,48,50
C141,T09,38,8,11,19,33,51
C141,T08,38,11,8,19,46,55
C141,T16,38,18,8,12,52,48
C141,T13,38,24,7,7,83,38
C141,T11,38,20,10,8,62,37
C141,T12,38,10,9,19,40,63
C141,T10,38,8,6,24,42,73
C141,T14,38,18,6,14,54,33
C141,T05,38,15,9,14,48,45
C141,T20,38,7,17,14,31,53
C141,T01,38,16,8,14,46,49
C141,T15,38,19,7,12,58,53
C141,T07,38,11,11,16,38,51
C141,T18,38,12,11,15,44,47
C142,T20,38,22,9,7,76,49
C142,T13,38,11,12,15,39,51
C142,T18,38,17,9,12,61,46
C142,T16,38,18,9,11,65,46
C142,T11,38,21,6,11,72,42
C142,T09,38,18,14,6,54,32
C142,T05,38,8,12,18,42,68
C142,T02,38,9,9,20,29,54
C142,T03,38,29,7,2,89,22
C142,T19,38,8,11,19,44,69
C142,T06,38,12,13,13,45,45
C142,T01,38,9,11,18,38,51
C142,T14,38,19,14,5,54,31
C142,T17,38,18,7,13,49,39
C142,T04,38,13,14,11,55,48
C142,T12,38,13,14,11,36,36
C142,T07,38,8,14,16,32,54
C142,T10,38,2,11,25,32,81
C142,T15,38,7,9,22,43,75
C142,T08,38,6,19,13,37,53
C143,T16,38,19,11,8,72,43
C143,T17,38,12,12,14,48,59
C143,T05,38,8,15,15,37,58
C143,T14,38,11,10,17,46,59
C143,T13,38,10,9,19,55,78
C143,T10,38,12,10,16,52,56
C143,T04,38,21,8,9,69,33
C143,T15,38,13,15,10,51,45
C143,T18,38,11,16,11,49,43
C143,T02,38,17,7,14,59,44
C143,T01,38,21,8,9,60,33
C143,T11,38,23,11,4,78,37
C143,T06,38,11,13,14,56,57
C143,T20,38,13,7,18,46,48
C143,T07,38,12,11,15,45,56
C143,T08,38,16,14,8,55,46
C143,T19,38,12,11,15,56,71
C143,T09,38,7,12,19,43,70
C143,T12,38,9,15,14,40,61
C143,T03,38,11,7,20,46,66
C145,T08,30,9,5,16,30,41
C145,T09,30,8,13,9,24,26
C145,T14,30,18,5,7,48,31
C145,T04,30,13,4,13,43,44
C145,T15,30,15,4,11,49,44
C145,T03,30,10,9,11,32,34
C145,T05,30,17,3,10,53,49
C145,T10,30,11,4,15,49,57
C145,T11,30,15,8,7,56,34
C145,T02,30,12,6,12,49,40
C145,T01,30,8,6,16,40,61
C145,T13,30,3,7,20,40,81
C145,T12,30,20,5,5,59,23
C145,T06,30,8,10,12,39,43
C145,T16,30,11,5,14,52,57
C145,T07,30,11,8,11,47,45
C146,T02,22,6,7,9,31,32
C146,T08,22,3,5,14,22,50
C146,T05,22,13,3,6,42,21
C146,T09,22,17,1,4,67,24
C146,T04,22,13,6,3,43,25
C146,T01,22,6,3,13,20,43
C146,T07,22,5,6,11,33,43
C146,T06,22,4,4,14,21,46
C146,T10,22,11,6,5,34,20
C146,T03,22,7,8,7,25,38
C146,T12,22,8,6,8,37,34
C146,T11,22,10,3,9,40,39
C148,T01,38,18,10,10,56,42
C148,T09,38,16,9,13,54,46
C148,T11,38,23,8,7,61,28
C148,T04,38,16,12,10,57,39
C148,T20,38,6,3,29,33,84
C148,T15,38,11,6,21,40,52
C148,T14,38,11,6,21,33,61
C148,T12,38,10,10,18,36,59
C148,T02,38,9,8,21,40,66
C148,T05,38,11,8,19,33,43
C148,T17,38,7,4,27,30,78
C148,T10,38,20,12,6,66,30
C148,T08,38,30,5,3,86,24
C148,T06,38,21,9,8,89,49
C148,T16,38,8,14,16,39,59
C148,T03,38,28,7,3,77,29
C148,T07,38,16,6,16,56,60
C148,T13,38,11,10,17,29,59
C148,T19,38,13,15,10,54,46
C148,T18,38,12,4,22,48,63
C149,T14,38,9,15,14,34,42
C149,T12,38,15,10,13,47,46
C149,T09,38,21,11,6,60,32
C149,T19,38,8,18,12,38,45
C149,T04,38,16,10,12,56,53
C149,T16,38,20,10,8,62,36
C149,T17,38,13,8,17,47,59
C149,T18,38,19,8,11,54,39
C149,T11,38,9,15,14,34,36
C149,T01,38,19,8,11,52,37
C149,T07,38,13,12,13,50,52
C149,T13,38,4,18,16,32,51
C149,T20,38,15,13,10,39,35
C149,T02,38,18,10,10,43,38
C149,T15,38,12,11,15,34,41
C149,T10,38,9,17,12,35,42
C149,T06,38,11,14,13,36,41
C149,T03,38,8,10,20,42,66
C149,T05,38,10,14,14,39,43
C149,T08,38,9,12,17,41,41
C150,T07,34,26,5,3,98,19
C150,T17,34,18,7,9,64,44
C150,T15,34,9,9,16,41,55
C150,T10,34,20,8,6,55,37
C150,T04,34,12,11,11,51,46
C150,T16,34,22,5,7,76,34
C150,T03,34,10,5,19,36,67
C150,T11,34,10,6,18,37,51
C150,T05,34,9,7,18,33,49
C150,T02,34,10,8,16,38,52
C150,T09,34,7,6,21,26,52
C150,T13,34,26,3,5,86,42
C150,T08,34,9,11,14,40,51
C150,T18,34,11,6,17,53,70
C150,T06,34,8,11,15,30,48
C150,T14,34,15,6,13,42,51
C150,T01,34,9,6,19,32,57
C150,T12,34,11,8,15,37,50
C152,T01,34,20,7,7,68,42
C152,T11,34,5,10,19,26,60
C152,T02,34,7,8,19,43,66
C152,T09,34,8,5,21,35,58
C152,T12,34,9,6,19,30,55
C152,T07,34,7,11,16,34,45
C152,T03,34,16,11,7,52,34
C152,T17,34,10,12,12,43,48
C152,T16,34,15,10,9,40,29
C152,T18,34,16,5,13,49,55
C152,T04,34,13,11,10,52,41
C152,T10,34,22,10,2,81,33
C152,T08,34,10,9,15,38,50
C152,T13,34,14,9,11,45,37
C152,T06,34,17,10,7,53,34
C152,T05,34,12,10,12,53,46
C152,T14,34,13,8,13,42,47
C152,T15,34,11,10,13,42,46
C154,T18,46,19,14,13,75,54
C154,T06,46,17,10,19,55,62
C154,T20,46,28,11,7,85,40
C154,T04,46,11,12,23,48,82
C154,T24,46,16,11,19,60,62
C154,T16,46,15,14,17,62,66
C154,T21,46,16,14,16,57,63
C154,T03,46,12,11,23,52,70
C154,T09,46,20,10,16,66,73
C154,T07,46,15,12,19,47,65
C154,T13,46,25,12,9,77,48
C154,T19,46,19,13,14,71,62
C154,T02,46,23,8,15,67,60
C154,T22,46,14,8,24,46,60
C154,T11,46,13,17,16,53,60
C154,T17,46,23,10,13,106,75
C154,T10,46,15,7,24,51,74
C154,T14,46,18,14,14,63,55
C154,T15,46,16,10,20,67,67
C154,T23,46,28,8,10,86,38
C154,T05,46,9,14,23,50,72
C154,T12,46,15,11,20,53,60
C154,T01,46,12,12,22,56,75
C154,T08,46,16,11,19,56,66
C155,T17,46,20,13,13,56,35
C155,T24,46,12,14,20,53,69
C155,T21,46,15,14,17,52,50
C155,T13,46,22,12,12,64,45
C155,T23,46,17,15,14,64,59
C155,T04,46,10,12,24,44,71
C155,T01,46,16,12,18,60,70
C155,T20,46,19,13,14,73,54
C155,T05,46,16,19,11,52,47
C155,T19,46,15,17,14,49,48
C155,T06,46,24,12,10,73,50
C155,T18,46,15,15,16,60,60
C155,T08,46,14,16,16,41,46
C155,T12,46,20,8,18,61,67
C155,T03,46,14,11,21,43,61
C155,T16,46,14,10,22,52,66
C155,T14,46,10,6,30,40,72
C155,T09,46,13,10,23,52,76
C155,T11,46,20,12,14,68,49
C155,T10,46,22,14,10,65,46
C155,T15,46,18,15,13,64,54
C155,T22,46,15,17,14,71,63
C155,T07,46,12,15,19,45,65
C155,T02,46,21,14,11,75,54
C157,T23,46,13,9,24,49,74
C157,T05,46,20,16,10,78,51
C157,T18,46,20,15,11,79,59
C157,T13,46,17,15,14,52,52
C157,T17,46,12,13,21,44,68
C157,T21,46,17,11,18,61,58
C157,T14,46,19,18,9,66,53
C157,T16,46,9,13,24,41,65
C157,T02,46,13,17,16,46,51
C157,T19,46,18,10,18,50,58
C157,T03,46,8,12,26,43,80
C157,T24,46,19,11,16,47,44
C157,T12,46,17,10,19,69,77
C157,T10,46,17,10,19,65,68
C157,T04,46,18,12,16,66,55
C157,T01,46,18,16,12,52,51
C157,T08,46,15,12,19,55,57
C157,T22,46,14,8,24,48,63
C157,T11,46,13,11,22,67,77
C157,T09,46,13,11,22,50,59
C157,T15,46,27,8,11,69,41
C157,T06,46,26,10,10,85,46
C157,T07,46,16,16,14,56,64
C157,T20,46,24,14,8,81,48
C158,T18,38,9,14,15,32,42
C158,T06,38,7,9,22,31,59
C158,T08,38,12,16,10,48,42
C158,T20,38,15,13,10,53,39
C158,T11,38,18,10,10,47,30
C158,T13,38,11,17,10,41,42
C158,T09,38,12,13,13,43,47
C158,T17,38,17,10,11,44,34
C158,T14,38,24,6,8,61,24
C158,T01,38,13,13,12,39,37
C158,T02,38,18,11,9,49,37
C158,T15,38,14,13,11,47,37
C158,T04,38,7,11,20,31,63
C158,T10,38,12,10,16,44,57
C158,T19,38,14,15,9,41,27
C158,T12,38,11,21,6,41,34
C158,T05,38,12,8,18,49,54
C158,T07,38,10,15,13,44,52
C158,T03,38,9,13,16,36,47
C158,T16,38,10,12,16,34,51
C160,T01,30,10,5,15,57,58
C160,T02,30,14,6,10,62,44
C160,T15,30,10,7,13,51,57
C160,T03,30,8,10,12,40,59
C160,T14,30,10,8,12,50,63
C160,T08,30,15,8,7,73,47
C160,T12,30,13,5,12,44,49
C160,T13,30,7,11,12,32,51
C160,T09,30,7,10,13,40,50
C160,T07,30,6,4,20,34,69
C160,T11,30,19,7,4,65,36
C160,T04,30,12,9,9,51,47
C160,T05,30,8,8,14,58,67
C160,T16,30,9,12,9,42,42
C160,T10,30,20,4,6,73,39
C160,T06,30,11,8,11,42,36
C161,T05,36,12,9,15,39,49
C161,T10,36,16,9,11,56,40
C161,T08,36,7,11,18,45,73
C161,T09,36,17,6,13,65,49
C161,T04,36,17,8,11,61,47
C161,T02,36,4,5,27,23,77
C161,T01,36,14,8,14,63,62
C161,T07,36,22,6,8,65,35
C161,T06,36,8,10,18,43,62
C161,T03,36,26,2,8,68,34
C162,T03,36,12,7,17,51,55
C162,T04,36,15,6,15,59,66
C162,T10,36,17,6,13,49,41
C162,T02,36,25,8,3,81,29
C162,T06,36,17,11,8,68,43
C162,T07,36,10,8,18,35,51
C162,T08,36,5,5,26,28,77
C162,T09,36,12,10,14,50,56
C162,T01,36,22,4,10,68,45
C162,T05,36,8,9,19,31,57
C163,T22,46,22,13,11,82,56
C163,T10,46,12,11,23,40,66
C163,T06,46,20,8,18,67,62
C163,T08,46,15,12,19,57,68
C163,T01,46,20,10,16,65,53
C163,T04,46,15,8,23,51,68
C163,T24,46,19,8,19,60,59
C163,T11,46,19,13,14,60,49
C163,T07,46,20,14,12,68,47
C163,T23,46,16,8,22,45,56
C163,T20,46,23,16,7,73,43
C163,T19,46,10,14,22,48,74
C163,T02,46,20,16,10,69,41
C163,T17,46,23,10,13,71,49
C163,T21,46,14,12,20,54,70
C163,T14,46,20,11,15,59,59
C163,T16,46,14,19,13,64,63
C163,T05,46,9,14,23,48,84
C163,T15,46,16,14,16,67,60
C163,T09,46,12,13,21,39,55
C163,T03,46,20,10,16,59,55
C163,T13,46,16,16,14,59,56
C163,T18,46,20,13,13,63,50
C163,T12,46,9,13,24,41,66
C165,T04,34,24,6,4,67,32
C165,T06,34,16,9,9,58,37
C165,T02,34,4,10,20,23,64
C165,T11,34,10,9,15,40,53
C165,T18,34,15,9,10,62,49
C165,T05,34,18,10,6,62,45
C165,T15,34,20,8,6,76,38
C165,T01,34,11,8,15,37,54
C165,T13,34,14,9,11,57,55
C165,T16,34,9,11,14,42,63
C165,T17,34,8,9,17,34,58
C165,T10,34,12,7,15,51,46
C165,T12,34,10,11,13,43,51
C165,T08,34,25,4,5,103,39
C165,T03,34,6,7,21,44,74
C165,T09,34,12,7,15,42,57
C165,T14,34,9,12,13,39,43
C165,T07,34,6,8,20,34,56
C166,T15,38,24,6,8,76,42
C166,T19,38,12,10,16,42,54
C166,T01,38,12,8,18,40,58
C166,T14,38,4,9,25,25,73
C166,T11,38,11,9,18,50,68
C166,T03,38,12,11,15,44,48
C166,T07,38,9,13,16,47,55
C166,T09,38,13,6,19,42,56
C166,T13,38,24,11,3,64,23
C166,T10,38,14,12,12,60,62
C166,T04,38,9,8,21,40,71
C166,T12,38,15,7,16,50,53
C166,T18,38,22,10,6,81,43
C166,T16,38,16,12,10,54,47
C166,T02,38,26,4,8,86,28
C166,T08,38,15,12,11,55,54
C166,T20,38,11,9,18,49,58
C166,T17,38,11,8,19,50,66
C166,T05,38,16,10,12,52,40
C166,T06,38,9,15,14,42,50
C167,T14,34,12,6,16,30,42
C167,T08,34,13,4,17,38,50
C167,T11,34,7,12,15,30,46
C167,T15,34,17,4,13,57,45
C167,T07,34,13,5,16,36,34
C167,T06,34,14,9,11,42,43
C167,T09,34,22,5,7,68,31
C167,T10,34,9,5,20,29,56
C167,T17,34,18,11,5,64,34
C167,T05,34,13,7,14,43,44
C167,T03,34,21,6,7,55,33
C167,T04,34,10,12,12,39,53
C167,T13,34,9,11,14,37,51
C167,T02,34,9,12,13,56,54
C167,T18,34,11,15,8,43,37
C167,T16,34,5,7,22,31,58
C167,T01,34,14,8,12,44,38
C167,T12,34,17,5,12,47,40
C168,T14,46,17,10,19,69,73
C168,T13,46,34,9,3,84,31
C168,T12,46,17,16,13,72,60
C168,T09,46,20,8,18,67,70
C168,T15,46,12,7,27,44,76
C168,T02,46,11,14,21,49,66
C168,T04,46,9,11,26,45,73
C168,T23,46,25,10,11,67,43
C168,T18,46,12,10,24,57,83
C168,T21,46,15,11,20,49,65
C168,T03,46,19,7,20,58,55
C168,T06,46,24,6,16,72,48
C168,T11,46,16,13,17,64,56
C168,T16,46,15,9,22,60,73
C168,T01,46,12,15,19,48,66
C168,T20,46,13,12,21,68,81
C168,T10,46,21,12,13,68,57
C168,T19,46,16,11,19,54,59
C168,T22,46,8,9,29,41,79
C168,T05,46,15,12,19,42,50
C168,T08,46,25,12,9,72,42
C168,T07,46,13,17,16,40,42
C168,T24,46,27,11,8,67,34
C168,T17,46,24,12,10,70,45
C169,T12,34,13,7,14,48,51
C169,T11,34,13,5,16,47,62
C169,T08,34,13,8,13,47,45
C169,T01,34,18,4,12,52,39
C169,T06,34,11,10,13,50,50
C169,T07,34,20,8,6,64,44
C169,T05,34,19,8,7,81,40
C169,T16,34,10,6,18,48,65
C169,T13,34,23,6,5,67,22
C169,T14,34,9,7,18,31,49
C169,T09,34,11,7,16,38,44
C169,T03,34,8,5,21,35,68
C169,T02,34,12,9,13,46,52
C169,T10,34,19,3,12,49,45
C169,T18,34,13,5,16,41,50
C169,T04,34,12,6,16,60,59
C169,T15,34,9,11,14,43,48
C169,T17,34,10,11,13,47,61
C172,T06,38,11,11,16,45,61
C172,T03,38,19,6,13,74,51
C172,T12,38,9,13,16,34,54
C172,T10,38,14,12,12,36,39
C172,T01,38,21,7,10,62,38
C172,T09,38,11,11,16,45,55
C172,T07,38,13,10,15,44,58
C172,T15,38,9,10,19,28,58
C172,T04,38,12,11,15,56,60
C172,T02,38,21,12,5,84,38
C172,T17,38,32,4,2,106,27
C172,T05,38,25,6,7,68,28
C172,T11,38,12,8,18,39,47
C172,T13,38,7,15,16,37,56
C172,T08,38,7,12,19,35,68
C172,T18,38,8,9,21,28,56
C172,T19,38,23,8,7,74,36
C172,T16,38,11,8,19,44,64
C172,T20,38,6,13,19,31,56
C172,T14,38,10,12,16,48,68
C173,T07,38,14,9,15,47,43
C173,T19,38,15,8,15,37,42
C173,T14,38,23,8,7,70,33
C173,T05,38,10,12,16,30,53
C173,T12,38,5,10,23,30,67
C173,T13,38,28,4,6,70,20
C173,T06,38,10,12,16,34,45
C173,T18,38,13,10,15,58,55
C173,T04,38,11,10,17,43,53
C173,T17,38,8,13,17,52,69
C173,T10,38,14,8,16,37,43
C173,T08,38,13,10,15,45,53
C173,T03,38,17,9,12,46,41
C173,T15,38,24,6,8,75,36
C173,T11,38,21,8,9,51,35
C173,T20,38,11,7,20,33,63
C173,T02,38,13,10,15,47,54
C173,T09,38,11,8,19,49,65
C173,T16,38,11,9,18,42,45
C173,T01,38,19,7,12,59,40
C179,T04,38,20,11,7,51,26
C179,T18,38,19,12,7,51,30
C179,T01,38,15,4,19,41,55
C179,T17,38,12,7,19,44,50
C179,T11,38,7,9,22,31,61
C179,T07,38,11,12,15,29,40
C179,T10,38,17,12,9,47,44
C179,T19,38,16,8,14,43,42
C179,T14,38,16,8,14,46,39
C179,T08,38,13,9,16,44,53
C179,T06,38,22,9,7,72,33
C179,T20,38,21,6,11,76,42
C179,T03,38,24,11,3,83,36
C179,T13,38,7,8,23,32,61
C179,T02,38,12,11,15,37,46
C179,T16,38,12,10,16,54,55
C179,T05,38,13,11,14,35,42
C179,T12,38,12,8,18,47,66
C179,T09,38,12,6,20,43,64
C179,T15,38,11,4,23,41,62
C180,T08,36,9,9,18,32,60
C180,T10,36,25,7,4,84,31
C180,T01,36,9,8,19,47,68
C180,T09,36,11,3,22,41,75
C180,T06,36,22,11,3,91,39
C180,T07,36,16,9,11,57,39
C180,T04,36,9,8,19,36,67
C180,T03,36,13,7,16,60,59
C180,T02,36,13,9,14,49,56
C180,T05,36,12,11,13,53,56
C186,T06,34,10,6,18,51,69
C186,T12,34,12,5,17,41,58
C186,T03,34,11,4,19,44,65
C186,T04,34,15,7,12,53,53
C186,T18,34,19,6,9,61,44
C186,T09,34,26,4,4,100,32
C186,T14,34,20,5,9,66,40
C186,T16,34,21,6,7,84,41
C186,T13,34,13,6,15,59,60
C186,T07,34,9,9,16,45,63
C186,T10,34,9,12,13,38,58
C186,T02,34,6,12,16,36,67
C186,T15,34,11,8,15,48,59
C186,T01,34,18,12,4,81,37
C186,T08,34,13,9,12,48,47
C186,T11,34,4,8,22,37,74
C186,T05,34,13,10,11,48,46
C186,T17,34,8,7,19,42,69
C187,T07,46,12,13,21,49,69
C187,T20,46,12,14,20,54,75
C187,T04,46,17,12,17,66,63
C187,T03,46,24,9,13,80,38
C187,T23,46,17,12,17,60,65
C187,T11,46,19,16,11,68,58
C187,T24,46,12,12,22,50,65
C187,T05,46,17,13,16,62,64
C187,T08,46,23,12,11,64,48
C187,T18,46,13,12,21,52,70
C187,T06,46,12,9,25,57,87
C187,T16,46,28,9,9,77,35
C187,T21,46,14,9,23,54,82
C187,T19,46,13,14,19,48,61
C187,T14,46,17,17,12,57,51
C187,T17,46,18,16,12,58,50
C187,T13,46,18,12,16,59,54
C187,T12,46,16,10,20,67,76
C187,T15,46,15,11,20,59,58
C187,T01,46,15,11,20,58,66
C187,T22,46,16,8,22,62,68
C187,T09,46,18,16,12,62,53
C187,T10,46,22,17,7,77,45
C187,T02,46,15,14,17,57,56
